Picked At,Pick Number,Appearance,First Name,Last Name,Team,Position,Draft,Draft Entry,Draft Entry Fee,Draft Size,Draft Total Prizes,Tournament Title,Tournament,Tournament Entry Fee,Tournament Total Prizes,Tournament Size,Draft Pool Title,Draft Pool,Draft Pool Entry Fee,Draft Pool Total Prizes,Draft Pool Size,Weekly Winner Title,Weekly Winner,Weekly Winner Entry Fee,Weekly Winner Total Prizes,Weekly Winner Size
2026-04-05 22:01:56 UTC,115,4e6563d4-e35d-427c-a4c6-031f5aca04b4,Jordan,Love,GB,QB,1f984bfe-ae22-43ee-9973-336ebb5a41ec,9a8de796-13e1-4b99-b4e5-b91f6cea28b0,,12,,The Little Board,bd240943-36bf-459c-9c89-7d70301a50ac,3.0,500000.0,189000,,,,,,,,,,
2026-03-27 00:19:52 UTC,18,b7c774ea-6453-4fed-8770-0d8f95cff419,Derrick,Henry,BAL,RB,20cef8c6-5ad9-489e-a61d-d261dbccac8f,65a804c2-7338-4de7-93a4-e3abf70838a7,,12,,The Little Board,bd240943-36bf-459c-9c89-7d70301a50ac,3.0,500000.0,189000,,,,,,,,,,
2026-04-03 12:52:27 UTC,119,b8453ed0-6d82-4474-a108-128336891830,Jalen,Coker,CAR,WR,206002f7-974f-413c-8ee2-9d558e7ce3d8,18e62d2c-0e2d-4e9d-9153-623b6ec5b9f5,,12,,The Little Board,bd240943-36bf-459c-9c89-7d70301a50ac,3.0,500000.0,189000,,,,,,,,,,
2026-04-07 11:19:21 UTC,117,b8453ed0-6d82-4474-a108-128336891830,Jalen,Coker,CAR,WR,2007f3d8-69f5-4c31-8585-9e1d7008a910,49aad976-89f8-4c71-860b-8e5c43ea9660,,12,,The Little Board,bd240943-36bf-459c-9c89-7d70301a50ac,3.0,500000.0,189000,,,,,,,,,,
2026-03-28 23:19:57 UTC,24,a79dba5d-c547-4640-a5c8-4aef963b18e4,Travis,Etienne Jr.,NO,RB,20dad77f-7fe5-44d2-9b12-970998fae218,e0d63c39-93ca-436b-8cca-5eff7bbff4f2,,12,,The Little Board,bd240943-36bf-459c-9c89-7d70301a50ac,3.0,500000.0,189000,,,,,,,,,,
2026-04-01 12:18:03 UTC,79,f3630521-c13b-45ff-9fd4-b22234d3d09d,Harold,Fannin,CLE,TE,20cef8c6-5ad9-489e-a61d-d261dbccac8f,65a804c2-7338-4de7-93a4-e3abf70838a7,,12,,The Little Board,bd240943-36bf-459c-9c89-7d70301a50ac,3.0,500000.0,189000,,,,,,,,,,
2026-04-07 23:13:46 UTC,148,0e759258-47eb-4ded-af7f-6ffce9ab2ad8,Cam,Ward,TEN,QB,20124d7d-2b66-4474-bef1-2ca31016095d,45ef4741-facf-455e-b8ea-2ab9bce03b65,,12,,The Little Board,bd240943-36bf-459c-9c89-7d70301a50ac,3.0,500000.0,189000,,,,,,,,,,
2026-03-28 13:56:19 UTC,28,a79dba5d-c547-4640-a5c8-4aef963b18e4,Travis,Etienne Jr.,NO,RB,20124d7d-2b66-4474-bef1-2ca31016095d,45ef4741-facf-455e-b8ea-2ab9bce03b65,,12,,The Little Board,bd240943-36bf-459c-9c89-7d70301a50ac,3.0,500000.0,189000,,,,,,,,,,
2026-03-30 02:46:38 UTC,35,495d29ca-232c-40bf-92dc-d6372226354d,Rashee,Rice,KC,WR,2068bddd-60da-42a8-b905-a726bd31d95b,3dab5a42-48ee-471a-827e-b1f44ad4b42c,,12,,The Little Board,bd240943-36bf-459c-9c89-7d70301a50ac,3.0,500000.0,189000,,,,,,,,,,
2026-04-09 10:18:04 UTC,165,e8d0dc47-cb5e-49b3-a294-d6bdb56dfb54,Geno,Smith,NYJ,QB,20124d7d-2b66-4474-bef1-2ca31016095d,45ef4741-facf-455e-b8ea-2ab9bce03b65,,12,,The Little Board,bd240943-36bf-459c-9c89-7d70301a50ac,3.0,500000.0,189000,,,,,,,,,,
2026-04-05 20:36:37 UTC,218,f3350e4c-a3bf-496c-97ee-3433f7794553,Troy,Franklin,DEN,WR,213c3686-dad9-468e-89ee-53f83daa4074,3c162b72-8f43-48e2-8aa1-d1afa9d15f3e,,12,,The Little Board,bd240943-36bf-459c-9c89-7d70301a50ac,3.0,500000.0,189000,,,,,,,,,,
2026-04-17 19:47:22 UTC,217,da3df14f-7e24-4905-82c8-b98bbd8a1f59,Michael,Penix,ATL,QB,20dad77f-7fe5-44d2-9b12-970998fae218,e0d63c39-93ca-436b-8cca-5eff7bbff4f2,,12,,The Little Board,bd240943-36bf-459c-9c89-7d70301a50ac,3.0,500000.0,189000,,,,,,,,,,
2026-04-10 23:43:06 UTC,140,577d1148-51f9-499a-b885-856a9d29af76,Mike,Washington,LV,RB,201605c6-0022-46c1-a278-588cc6e12a2b,ac1bcdd1-d024-43ec-8364-4c1818e530a4,,12,,The Little Board,bd240943-36bf-459c-9c89-7d70301a50ac,3.0,500000.0,189000,,,,,,,,,,
2026-04-03 01:42:32 UTC,101,29ab2065-18c7-4619-bfb9-608800ffedf4,Kyle,Pitts,ATL,TE,20a0799d-1d1a-4c7d-be58-45a72f9da5d9,19200e87-e9bf-445c-aa50-ea28e9ee0543,,12,,The Little Board,bd240943-36bf-459c-9c89-7d70301a50ac,3.0,500000.0,189000,,,,,,,,,,
2026-04-15 01:38:51 UTC,169,bd84d3c5-e480-434d-a474-37b6aa37195e,AJ,Barner,SEA,TE,20dad77f-7fe5-44d2-9b12-970998fae218,e0d63c39-93ca-436b-8cca-5eff7bbff4f2,,12,,The Little Board,bd240943-36bf-459c-9c89-7d70301a50ac,3.0,500000.0,189000,,,,,,,,,,
2026-04-02 17:10:58 UTC,143,b3e7f620-142a-4a90-a0d4-564b9536ae3d,C.J.,Stroud,HOU,QB,213c3686-dad9-468e-89ee-53f83daa4074,3c162b72-8f43-48e2-8aa1-d1afa9d15f3e,,12,,The Little Board,bd240943-36bf-459c-9c89-7d70301a50ac,3.0,500000.0,189000,,,,,,,,,,
2026-03-29 02:41:47 UTC,50,3550b734-6e05-437a-94a4-0c4fa7a211cc,Mike,Evans,SF,WR,206002f7-974f-413c-8ee2-9d558e7ce3d8,18e62d2c-0e2d-4e9d-9153-623b6ec5b9f5,,12,,The Little Board,bd240943-36bf-459c-9c89-7d70301a50ac,3.0,500000.0,189000,,,,,,,,,,
2026-03-29 02:25:40 UTC,40,495d29ca-232c-40bf-92dc-d6372226354d,Rashee,Rice,KC,WR,1fe84841-d9c8-481a-9eb6-aef932f8a5f6,39145fa1-01a7-429d-8f8e-56d7722522c2,,12,,The Little Board,bd240943-36bf-459c-9c89-7d70301a50ac,3.0,500000.0,189000,,,,,,,,,,
2026-03-30 03:12:44 UTC,43,ecfeab79-505c-42b9-b0db-c0905139f8e1,Zay,Flowers,BAL,WR,1f984bfe-ae22-43ee-9973-336ebb5a41ec,9a8de796-13e1-4b99-b4e5-b91f6cea28b0,,12,,The Little Board,bd240943-36bf-459c-9c89-7d70301a50ac,3.0,500000.0,189000,,,,,,,,,,
2026-03-28 16:08:25 UTC,21,ad9c279e-9352-4475-8beb-06f169e19532,Trey,McBride,ARI,TE,2007f3d8-69f5-4c31-8585-9e1d7008a910,49aad976-89f8-4c71-860b-8e5c43ea9660,,12,,The Little Board,bd240943-36bf-459c-9c89-7d70301a50ac,3.0,500000.0,189000,,,,,,,,,,
2026-04-05 20:23:49 UTC,134,0e81ac4b-dcab-4441-ad39-6133e6318093,Jauan,Jennings,MIN,WR,2051326d-6ce1-4f70-8d1c-db2b368d5d74,875562bc-4eaa-46ff-a4dd-2bcc468c957b,,12,,The Little Board,bd240943-36bf-459c-9c89-7d70301a50ac,3.0,500000.0,189000,,,,,,,,,,
2026-03-25 22:36:45 UTC,15,d9bc59e1-760b-4d26-bea7-7cb38a713b75,Jeremiyah,Love,ARI,RB,a1486180-36ba-48c5-a2ef-c5d4c6a5a02a,13fa3e04-a7dc-413c-9839-eff7b137bd7b,,12,,The Little Board,bd240943-36bf-459c-9c89-7d70301a50ac,3.0,500000.0,189000,,,,,,,,,,
2026-03-28 02:13:24 UTC,31,495d29ca-232c-40bf-92dc-d6372226354d,Rashee,Rice,KC,WR,20cef8c6-5ad9-489e-a61d-d261dbccac8f,65a804c2-7338-4de7-93a4-e3abf70838a7,,12,,The Little Board,bd240943-36bf-459c-9c89-7d70301a50ac,3.0,500000.0,189000,,,,,,,,,,
2026-04-01 12:58:54 UTC,53,3550b734-6e05-437a-94a4-0c4fa7a211cc,Mike,Evans,SF,WR,201605c6-0022-46c1-a278-588cc6e12a2b,ac1bcdd1-d024-43ec-8364-4c1818e530a4,,12,,The Little Board,bd240943-36bf-459c-9c89-7d70301a50ac,3.0,500000.0,189000,,,,,,,,,,
2026-03-31 21:48:42 UTC,45,26f1fdd1-e3b3-4305-a40a-8e0ffab41fee,Luther,Burden,CHI,WR,2007f3d8-69f5-4c31-8585-9e1d7008a910,49aad976-89f8-4c71-860b-8e5c43ea9660,,12,,The Little Board,bd240943-36bf-459c-9c89-7d70301a50ac,3.0,500000.0,189000,,,,,,,,,,
2026-03-25 23:00:58 UTC,155,b3e7f620-142a-4a90-a0d4-564b9536ae3d,C.J.,Stroud,HOU,QB,0060664a-38cc-4d94-b62c-3fa8d1fc737b,4c7f1e57-b971-4e2f-b2c7-4fde6a905d2f,,12,,The Little Board,bd240943-36bf-459c-9c89-7d70301a50ac,3.0,500000.0,189000,,,,,,,,,,
2026-03-28 15:01:08 UTC,15,ef8f7b19-9e41-456e-889c-04843428131c,De'Von,Achane,MIA,RB,3d27f8d1-2bae-4cf4-85a8-defb799bf89d,10c75d97-23ec-4b13-bd9e-6071f454a291,,12,,The Big Board,20b6d363-f4e6-472a-be06-871d6b3e5a14,10.0,2000000.0,223200,,,,,,,,,,
2026-03-25 23:54:37 UTC,2,93457447-77e6-4549-9b82-e31a83dbafef,Ja'Marr,Chase,CIN,WR,21281346-d1bc-408c-a9e6-cda94ae81172,94614c4f-60f3-4b9a-b4e8-afa7619b9883,,12,,The Little Board,bd240943-36bf-459c-9c89-7d70301a50ac,3.0,500000.0,189000,,,,,,,,,,
2026-04-08 00:46:55 UTC,191,326bb735-d387-45b4-86bd-66066b01fd9d,Tre,Tucker,LV,WR,206002f7-974f-413c-8ee2-9d558e7ce3d8,18e62d2c-0e2d-4e9d-9153-623b6ec5b9f5,,12,,The Little Board,bd240943-36bf-459c-9c89-7d70301a50ac,3.0,500000.0,189000,,,,,,,,,,
2026-03-28 23:20:57 UTC,33,c2e0cdc1-6c9f-4580-9092-7f921e74a03e,Kyren,Williams,LAR,RB,1fe84841-d9c8-481a-9eb6-aef932f8a5f6,39145fa1-01a7-429d-8f8e-56d7722522c2,,12,,The Little Board,bd240943-36bf-459c-9c89-7d70301a50ac,3.0,500000.0,189000,,,,,,,,,,
2026-03-30 12:06:50 UTC,35,73be3f6c-913e-4764-ad06-d67b5a277539,Tee,Higgins,CIN,WR,2105e2d7-b349-4857-b472-cc91172bfa2c,4a98220f-4599-4931-b5f7-4d3a77605815,,12,,The Little Board,bd240943-36bf-459c-9c89-7d70301a50ac,3.0,500000.0,189000,,,,,,,,,,
2026-04-03 14:56:09 UTC,114,0ea40c7e-ccf1-4101-9605-b564d6ebdeef,KC,Concepcion,CLE,WR,20cef8c6-5ad9-489e-a61d-d261dbccac8f,65a804c2-7338-4de7-93a4-e3abf70838a7,,12,,The Little Board,bd240943-36bf-459c-9c89-7d70301a50ac,3.0,500000.0,189000,,,,,,,,,,
2026-04-03 23:58:11 UTC,97,4dd966b8-1e87-4ed3-bd8e-c030d99b4a7e,Michael,Pittman Jr.,PIT,WR,20a4f77b-eb41-48dc-a956-2a0f5d140b7d,6a879f99-1d91-49cb-96ad-e0711288f88c,,12,,The Little Board,bd240943-36bf-459c-9c89-7d70301a50ac,3.0,500000.0,189000,,,,,,,,,,
2026-03-29 13:53:42 UTC,29,812b5ae1-3e06-44b2-b67b-a82a49575f0d,Chris,Olave,NO,WR,201605c6-0022-46c1-a278-588cc6e12a2b,ac1bcdd1-d024-43ec-8364-4c1818e530a4,,12,,The Little Board,bd240943-36bf-459c-9c89-7d70301a50ac,3.0,500000.0,189000,,,,,,,,,,
2026-04-05 17:26:09 UTC,146,74495a7e-40fd-4779-8599-af4dd40ec864,Brenton,Strange,JAX,TE,206002f7-974f-413c-8ee2-9d558e7ce3d8,18e62d2c-0e2d-4e9d-9153-623b6ec5b9f5,,12,,The Little Board,bd240943-36bf-459c-9c89-7d70301a50ac,3.0,500000.0,189000,,,,,,,,,,
2026-04-12 13:59:53 UTC,193,60a15568-9b17-4917-8b41-86df4363cf5f,Christian,Kirk,SF,WR,20a4f77b-eb41-48dc-a956-2a0f5d140b7d,6a879f99-1d91-49cb-96ad-e0711288f88c,,12,,The Little Board,bd240943-36bf-459c-9c89-7d70301a50ac,3.0,500000.0,189000,,,,,,,,,,
2026-04-01 18:24:37 UTC,59,5ff0e40f-9de2-4c4a-87e4-3c68f5472a27,Rome,Odunze,CHI,WR,2105e2d7-b349-4857-b472-cc91172bfa2c,4a98220f-4599-4931-b5f7-4d3a77605815,,12,,The Little Board,bd240943-36bf-459c-9c89-7d70301a50ac,3.0,500000.0,189000,,,,,,,,,,
2026-03-25 23:01:26 UTC,158,de3a132b-38ff-4027-ac9b-07fdb60ea312,Calvin,Ridley,TEN,WR,0060664a-38cc-4d94-b62c-3fa8d1fc737b,4c7f1e57-b971-4e2f-b2c7-4fde6a905d2f,,12,,The Little Board,bd240943-36bf-459c-9c89-7d70301a50ac,3.0,500000.0,189000,,,,,,,,,,
2026-04-07 02:39:19 UTC,148,409e3446-57c7-41eb-bc63-9922930f6408,Travis,Hunter,JAX,WR,20734e48-286f-4f6a-a660-ace0502aa6d6,2abcfd15-865e-49a3-8bd4-37da10549ba7,,12,,The Little Board,bd240943-36bf-459c-9c89-7d70301a50ac,3.0,500000.0,189000,,,,,,,,,,
2026-04-06 17:19:26 UTC,158,cd2ef29a-f0ec-4c35-8ff9-7008459c9ea2,Stefon,Diggs,WAS,WR,2068bddd-60da-42a8-b905-a726bd31d95b,3dab5a42-48ee-471a-827e-b1f44ad4b42c,,12,,The Little Board,bd240943-36bf-459c-9c89-7d70301a50ac,3.0,500000.0,189000,,,,,,,,,,
2026-04-05 11:16:21 UTC,93,679c05b5-1aa5-452d-853e-ec868e43e0f8,Kyle,Monangai,CHI,RB,2007f3d8-69f5-4c31-8585-9e1d7008a910,49aad976-89f8-4c71-860b-8e5c43ea9660,,12,,The Little Board,bd240943-36bf-459c-9c89-7d70301a50ac,3.0,500000.0,189000,,,,,,,,,,
2026-04-06 18:33:51 UTC,170,de3a132b-38ff-4027-ac9b-07fdb60ea312,Calvin,Ridley,TEN,WR,206002f7-974f-413c-8ee2-9d558e7ce3d8,18e62d2c-0e2d-4e9d-9153-623b6ec5b9f5,,12,,The Little Board,bd240943-36bf-459c-9c89-7d70301a50ac,3.0,500000.0,189000,,,,,,,,,,
2026-04-10 22:31:13 UTC,199,03d512e1-4b72-4de1-8285-4350f37c9f63,Tua,Tagovailoa,ATL,QB,20cef8c6-5ad9-489e-a61d-d261dbccac8f,65a804c2-7338-4de7-93a4-e3abf70838a7,,12,,The Little Board,bd240943-36bf-459c-9c89-7d70301a50ac,3.0,500000.0,189000,,,,,,,,,,
2026-04-12 17:45:51 UTC,144,0e759258-47eb-4ded-af7f-6ffce9ab2ad8,Cam,Ward,TEN,QB,20dad77f-7fe5-44d2-9b12-970998fae218,e0d63c39-93ca-436b-8cca-5eff7bbff4f2,,12,,The Little Board,bd240943-36bf-459c-9c89-7d70301a50ac,3.0,500000.0,189000,,,,,,,,,,
2026-03-31 02:39:44 UTC,64,afb04f45-45eb-4105-846b-2c0067fc25af,Marvin,Harrison,ARI,WR,21217cf0-90ed-4b48-be8d-878adcc34176,732bbf6e-cfdc-4db3-b7ff-8d456fc099d1,,12,,The Little Board,bd240943-36bf-459c-9c89-7d70301a50ac,3.0,500000.0,189000,,,,,,,,,,
2026-04-02 12:56:44 UTC,86,f3630521-c13b-45ff-9fd4-b22234d3d09d,Harold,Fannin,CLE,TE,2068bddd-60da-42a8-b905-a726bd31d95b,3dab5a42-48ee-471a-827e-b1f44ad4b42c,,12,,The Little Board,bd240943-36bf-459c-9c89-7d70301a50ac,3.0,500000.0,189000,,,,,,,,,,
2026-04-04 16:58:13 UTC,102,61b3a8ad-4ed1-4703-9727-243a27024147,Blake,Corum,LAR,RB,1f984bfe-ae22-43ee-9973-336ebb5a41ec,9a8de796-13e1-4b99-b4e5-b91f6cea28b0,,12,,The Little Board,bd240943-36bf-459c-9c89-7d70301a50ac,3.0,500000.0,189000,,,,,,,,,,
2026-03-30 12:09:40 UTC,64,839ae7c3-b8bb-4049-94d0-abb4c41835fd,RJ,Harvey,DEN,RB,1fe84841-d9c8-481a-9eb6-aef932f8a5f6,39145fa1-01a7-429d-8f8e-56d7722522c2,,12,,The Little Board,bd240943-36bf-459c-9c89-7d70301a50ac,3.0,500000.0,189000,,,,,,,,,,
2026-03-25 22:31:36 UTC,11,892ddb3f-d089-4247-82a9-1f66db8f3b8d,Ashton,Jeanty,LV,RB,0060664a-38cc-4d94-b62c-3fa8d1fc737b,4c7f1e57-b971-4e2f-b2c7-4fde6a905d2f,,12,,The Little Board,bd240943-36bf-459c-9c89-7d70301a50ac,3.0,500000.0,189000,,,,,,,,,,
2026-03-25 22:58:53 UTC,154,74495a7e-40fd-4779-8599-af4dd40ec864,Brenton,Strange,JAX,TE,a1486180-36ba-48c5-a2ef-c5d4c6a5a02a,13fa3e04-a7dc-413c-9839-eff7b137bd7b,,12,,The Little Board,bd240943-36bf-459c-9c89-7d70301a50ac,3.0,500000.0,189000,,,,,,,,,,
2026-04-12 13:59:37 UTC,213,0ef29b09-0865-46b0-b7a9-aadadac80139,Pat,Freiermuth,PIT,TE,20124d7d-2b66-4474-bef1-2ca31016095d,45ef4741-facf-455e-b8ea-2ab9bce03b65,,12,,The Little Board,bd240943-36bf-459c-9c89-7d70301a50ac,3.0,500000.0,189000,,,,,,,,,,
2026-03-28 15:04:50 UTC,39,42ec90ff-787a-4076-91ca-f5bb2e54aac2,Bucky,Irving,TB,RB,3d27f8d1-2bae-4cf4-85a8-defb799bf89d,10c75d97-23ec-4b13-bd9e-6071f454a291,,12,,The Big Board,20b6d363-f4e6-472a-be06-871d6b3e5a14,10.0,2000000.0,223200,,,,,,,,,,
2026-04-03 14:36:10 UTC,107,62fa37cc-8a68-42e5-abe5-5bddd81891d8,Jayden,Reed,GB,WR,2068bddd-60da-42a8-b905-a726bd31d95b,3dab5a42-48ee-471a-827e-b1f44ad4b42c,,12,,The Little Board,bd240943-36bf-459c-9c89-7d70301a50ac,3.0,500000.0,189000,,,,,,,,,,
2026-04-09 02:01:34 UTC,160,99baa615-4231-4b4a-9997-53f27877f694,Juwan,Johnson,NO,TE,21217cf0-90ed-4b48-be8d-878adcc34176,732bbf6e-cfdc-4db3-b7ff-8d456fc099d1,,12,,The Little Board,bd240943-36bf-459c-9c89-7d70301a50ac,3.0,500000.0,189000,,,,,,,,,,
2026-04-10 17:19:13 UTC,120,e47bda15-7f48-4397-a807-ac670a9109b3,Oronde,Gadsden,LAC,TE,20dad77f-7fe5-44d2-9b12-970998fae218,e0d63c39-93ca-436b-8cca-5eff7bbff4f2,,12,,The Little Board,bd240943-36bf-459c-9c89-7d70301a50ac,3.0,500000.0,189000,,,,,,,,,,
2026-04-10 00:40:30 UTC,206,03d512e1-4b72-4de1-8285-4350f37c9f63,Tua,Tagovailoa,ATL,QB,2068bddd-60da-42a8-b905-a726bd31d95b,3dab5a42-48ee-471a-827e-b1f44ad4b42c,,12,,The Little Board,bd240943-36bf-459c-9c89-7d70301a50ac,3.0,500000.0,189000,,,,,,,,,,
2026-04-09 19:05:49 UTC,239,ff7a149c-2611-4610-851f-d4ff1b2a0db8,Justin,Fields,KC,QB,21281346-d1bc-408c-a9e6-cda94ae81172,94614c4f-60f3-4b9a-b4e8-afa7619b9883,,12,,The Little Board,bd240943-36bf-459c-9c89-7d70301a50ac,3.0,500000.0,189000,,,,,,,,,,
2026-03-25 22:41:49 UTC,62,067a8cdc-ed3a-4bd7-8a89-7ec44e819aaf,Christian,Watson,GB,WR,0060664a-38cc-4d94-b62c-3fa8d1fc737b,4c7f1e57-b971-4e2f-b2c7-4fde6a905d2f,,12,,The Little Board,bd240943-36bf-459c-9c89-7d70301a50ac,3.0,500000.0,189000,,,,,,,,,,
2026-04-15 12:32:47 UTC,220,7713af8a-2a78-48f4-82f8-388d0c51c47c,Colby,Parkinson,LAR,TE,2007f3d8-69f5-4c31-8585-9e1d7008a910,49aad976-89f8-4c71-860b-8e5c43ea9660,,12,,The Little Board,bd240943-36bf-459c-9c89-7d70301a50ac,3.0,500000.0,189000,,,,,,,,,,
2026-04-11 13:55:36 UTC,149,460568e9-21fb-4030-9a36-276f0dafb22f,Dallas,Goedert,PHI,TE,201605c6-0022-46c1-a278-588cc6e12a2b,ac1bcdd1-d024-43ec-8364-4c1818e530a4,,12,,The Little Board,bd240943-36bf-459c-9c89-7d70301a50ac,3.0,500000.0,189000,,,,,,,,,,
2026-04-09 14:41:25 UTC,172,fb2574b2-93b4-4b51-9cf8-b9cc210f984e,T.J.,Hockenson,MIN,TE,20734e48-286f-4f6a-a660-ace0502aa6d6,2abcfd15-865e-49a3-8bd4-37da10549ba7,,12,,The Little Board,bd240943-36bf-459c-9c89-7d70301a50ac,3.0,500000.0,189000,,,,,,,,,,
2026-03-26 15:15:32 UTC,1,b01bb761-f415-43c6-9e28-ba81d9e75025,Bijan,Robinson,ATL,RB,20a4f77b-eb41-48dc-a956-2a0f5d140b7d,6a879f99-1d91-49cb-96ad-e0711288f88c,,12,,The Little Board,bd240943-36bf-459c-9c89-7d70301a50ac,3.0,500000.0,189000,,,,,,,,,,
2026-03-25 22:56:55 UTC,134,0080fd75-8cb4-47fb-bd0c-ebaddb217186,Kenyon,Sadiq,NYJ,TE,0060664a-38cc-4d94-b62c-3fa8d1fc737b,4c7f1e57-b971-4e2f-b2c7-4fde6a905d2f,,12,,The Little Board,bd240943-36bf-459c-9c89-7d70301a50ac,3.0,500000.0,189000,,,,,,,,,,
2026-04-13 15:51:21 UTC,196,326bb735-d387-45b4-86bd-66066b01fd9d,Tre,Tucker,LV,WR,2007f3d8-69f5-4c31-8585-9e1d7008a910,49aad976-89f8-4c71-860b-8e5c43ea9660,,12,,The Little Board,bd240943-36bf-459c-9c89-7d70301a50ac,3.0,500000.0,189000,,,,,,,,,,
2026-04-07 23:14:12 UTC,179,7518c217-a599-426f-ae03-648a0ef5abe6,Tre',Harris,LAC,WR,2068bddd-60da-42a8-b905-a726bd31d95b,3dab5a42-48ee-471a-827e-b1f44ad4b42c,,12,,The Little Board,bd240943-36bf-459c-9c89-7d70301a50ac,3.0,500000.0,189000,,,,,,,,,,
2026-04-05 11:14:42 UTC,134,b3e7f620-142a-4a90-a0d4-564b9536ae3d,C.J.,Stroud,HOU,QB,2068bddd-60da-42a8-b905-a726bd31d95b,3dab5a42-48ee-471a-827e-b1f44ad4b42c,,12,,The Little Board,bd240943-36bf-459c-9c89-7d70301a50ac,3.0,500000.0,189000,,,,,,,,,,
2026-03-25 22:39:38 UTC,34,3059d122-5f7d-4cd6-bb6b-9aa1b0d70807,Tetairoa,McMillan,CAR,WR,a1486180-36ba-48c5-a2ef-c5d4c6a5a02a,13fa3e04-a7dc-413c-9839-eff7b137bd7b,,12,,The Little Board,bd240943-36bf-459c-9c89-7d70301a50ac,3.0,500000.0,189000,,,,,,,,,,
2026-04-07 21:14:53 UTC,225,e8a0a4a1-632a-436a-b813-a5de3994f209,Shedeur,Sanders,CLE,QB,1fe84841-d9c8-481a-9eb6-aef932f8a5f6,39145fa1-01a7-429d-8f8e-56d7722522c2,,12,,The Little Board,bd240943-36bf-459c-9c89-7d70301a50ac,3.0,500000.0,189000,,,,,,,,,,
2026-03-26 13:36:26 UTC,4,4ddd8cfb-b50e-4272-bb28-5eab5f1c926a,Puka,Nacua,LAR,WR,20734e48-286f-4f6a-a660-ace0502aa6d6,2abcfd15-865e-49a3-8bd4-37da10549ba7,,12,,The Little Board,bd240943-36bf-459c-9c89-7d70301a50ac,3.0,500000.0,189000,,,,,,,,,,
2026-04-11 14:46:57 UTC,206,ee7eb028-bf93-4c90-82ce-caa15cb46285,Aaron,Rodgers,PIT,QB,2051326d-6ce1-4f70-8d1c-db2b368d5d74,875562bc-4eaa-46ff-a4dd-2bcc468c957b,,12,,The Little Board,bd240943-36bf-459c-9c89-7d70301a50ac,3.0,500000.0,189000,,,,,,,,,,
2026-04-01 16:49:14 UTC,77,55670954-1774-4848-9203-c67806037de4,Michael,Wilson,ARI,WR,20a0799d-1d1a-4c7d-be58-45a72f9da5d9,19200e87-e9bf-445c-aa50-ea28e9ee0543,,12,,The Little Board,bd240943-36bf-459c-9c89-7d70301a50ac,3.0,500000.0,189000,,,,,,,,,,
2026-03-31 23:23:11 UTC,98,0d9a17d9-6ff8-465e-a04b-24f81ab6a06a,Sam,LaPorta,DET,TE,21281346-d1bc-408c-a9e6-cda94ae81172,94614c4f-60f3-4b9a-b4e8-afa7619b9883,,12,,The Little Board,bd240943-36bf-459c-9c89-7d70301a50ac,3.0,500000.0,189000,,,,,,,,,,
2026-04-01 20:26:42 UTC,122,4b164dc3-27c3-47d3-8013-a529aada045a,Dalton,Kincaid,BUF,TE,213c3686-dad9-468e-89ee-53f83daa4074,3c162b72-8f43-48e2-8aa1-d1afa9d15f3e,,12,,The Little Board,bd240943-36bf-459c-9c89-7d70301a50ac,3.0,500000.0,189000,,,,,,,,,,
2026-03-27 15:35:16 UTC,20,b7c774ea-6453-4fed-8770-0d8f95cff419,Derrick,Henry,BAL,RB,20a0799d-1d1a-4c7d-be58-45a72f9da5d9,19200e87-e9bf-445c-aa50-ea28e9ee0543,,12,,The Little Board,bd240943-36bf-459c-9c89-7d70301a50ac,3.0,500000.0,189000,,,,,,,,,,
2026-03-31 11:54:33 UTC,81,86f1cc56-83b8-4011-b88b-0a9245e79865,Dak,Prescott,DAL,QB,1fe84841-d9c8-481a-9eb6-aef932f8a5f6,39145fa1-01a7-429d-8f8e-56d7722522c2,,12,,The Little Board,bd240943-36bf-459c-9c89-7d70301a50ac,3.0,500000.0,189000,,,,,,,,,,
2026-03-31 21:46:49 UTC,95,986b518f-b4c2-4484-ade1-08e4e646163b,J.K.,Dobbins,DEN,RB,21281346-d1bc-408c-a9e6-cda94ae81172,94614c4f-60f3-4b9a-b4e8-afa7619b9883,,12,,The Little Board,bd240943-36bf-459c-9c89-7d70301a50ac,3.0,500000.0,189000,,,,,,,,,,
2026-03-30 12:52:29 UTC,49,15646db4-d97a-4fd0-91e4-d1941c672a25,D.J.,Moore,BUF,WR,20a4f77b-eb41-48dc-a956-2a0f5d140b7d,6a879f99-1d91-49cb-96ad-e0711288f88c,,12,,The Little Board,bd240943-36bf-459c-9c89-7d70301a50ac,3.0,500000.0,189000,,,,,,,,,,
2026-03-28 14:53:46 UTC,30,73be3f6c-913e-4764-ad06-d67b5a277539,Tee,Higgins,CIN,WR,1f984bfe-ae22-43ee-9973-336ebb5a41ec,9a8de796-13e1-4b99-b4e5-b91f6cea28b0,,12,,The Little Board,bd240943-36bf-459c-9c89-7d70301a50ac,3.0,500000.0,189000,,,,,,,,,,
2026-03-25 22:51:21 UTC,110,cda0431e-d6d2-426b-ab35-75dc958e20fe,Baker,Mayfield,TB,QB,0060664a-38cc-4d94-b62c-3fa8d1fc737b,4c7f1e57-b971-4e2f-b2c7-4fde6a905d2f,,12,,The Little Board,bd240943-36bf-459c-9c89-7d70301a50ac,3.0,500000.0,189000,,,,,,,,,,
2026-04-16 22:24:08 UTC,193,64d033c2-2401-4f22-8244-a19610338546,Nicholas,Singleton,TEN,RB,20dad77f-7fe5-44d2-9b12-970998fae218,e0d63c39-93ca-436b-8cca-5eff7bbff4f2,,12,,The Little Board,bd240943-36bf-459c-9c89-7d70301a50ac,3.0,500000.0,189000,,,,,,,,,,
2026-04-05 17:25:46 UTC,124,3349ebbb-611c-46fd-a82b-204500116125,Josh,Downs,IND,WR,20124d7d-2b66-4474-bef1-2ca31016095d,45ef4741-facf-455e-b8ea-2ab9bce03b65,,12,,The Little Board,bd240943-36bf-459c-9c89-7d70301a50ac,3.0,500000.0,189000,,,,,,,,,,
2026-03-25 23:02:40 UTC,178,835f3c26-addd-4822-a694-8752d2eeb121,Trey,Benson,ARI,RB,a1486180-36ba-48c5-a2ef-c5d4c6a5a02a,13fa3e04-a7dc-413c-9839-eff7b137bd7b,,12,,The Little Board,bd240943-36bf-459c-9c89-7d70301a50ac,3.0,500000.0,189000,,,,,,,,,,
2026-04-07 11:20:17 UTC,239,ff7a149c-2611-4610-851f-d4ff1b2a0db8,Justin,Fields,KC,QB,213c3686-dad9-468e-89ee-53f83daa4074,3c162b72-8f43-48e2-8aa1-d1afa9d15f3e,,12,,The Little Board,bd240943-36bf-459c-9c89-7d70301a50ac,3.0,500000.0,189000,,,,,,,,,,
2026-04-08 00:47:54 UTC,97,29ab2065-18c7-4619-bfb9-608800ffedf4,Kyle,Pitts,ATL,TE,20dad77f-7fe5-44d2-9b12-970998fae218,e0d63c39-93ca-436b-8cca-5eff7bbff4f2,,12,,The Little Board,bd240943-36bf-459c-9c89-7d70301a50ac,3.0,500000.0,189000,,,,,,,,,,
2026-04-09 02:02:08 UTC,144,d1acaad7-989a-4ef1-b2af-3d7c8fb104ea,Bryce,Young,CAR,QB,20a4f77b-eb41-48dc-a956-2a0f5d140b7d,6a879f99-1d91-49cb-96ad-e0711288f88c,,12,,The Little Board,bd240943-36bf-459c-9c89-7d70301a50ac,3.0,500000.0,189000,,,,,,,,,,
2026-04-08 16:56:57 UTC,232,ff7a149c-2611-4610-851f-d4ff1b2a0db8,Justin,Fields,KC,QB,1fe84841-d9c8-481a-9eb6-aef932f8a5f6,39145fa1-01a7-429d-8f8e-56d7722522c2,,12,,The Little Board,bd240943-36bf-459c-9c89-7d70301a50ac,3.0,500000.0,189000,,,,,,,,,,
2026-04-03 19:00:37 UTC,167,27dd8866-085a-442e-8e5c-b9be46f0f1e1,Isiah,Pacheco,DET,RB,213c3686-dad9-468e-89ee-53f83daa4074,3c162b72-8f43-48e2-8aa1-d1afa9d15f3e,,12,,The Little Board,bd240943-36bf-459c-9c89-7d70301a50ac,3.0,500000.0,189000,,,,,,,,,,
2026-04-09 19:05:56 UTC,172,bd84d3c5-e480-434d-a474-37b6aa37195e,AJ,Barner,SEA,TE,20124d7d-2b66-4474-bef1-2ca31016095d,45ef4741-facf-455e-b8ea-2ab9bce03b65,,12,,The Little Board,bd240943-36bf-459c-9c89-7d70301a50ac,3.0,500000.0,189000,,,,,,,,,,
2026-04-11 10:25:07 UTC,196,326bb735-d387-45b4-86bd-66066b01fd9d,Tre,Tucker,LV,WR,20124d7d-2b66-4474-bef1-2ca31016095d,45ef4741-facf-455e-b8ea-2ab9bce03b65,,12,,The Little Board,bd240943-36bf-459c-9c89-7d70301a50ac,3.0,500000.0,189000,,,,,,,,,,
2026-04-12 21:26:45 UTC,164,99baa615-4231-4b4a-9997-53f27877f694,Juwan,Johnson,NO,TE,201605c6-0022-46c1-a278-588cc6e12a2b,ac1bcdd1-d024-43ec-8364-4c1818e530a4,,12,,The Little Board,bd240943-36bf-459c-9c89-7d70301a50ac,3.0,500000.0,189000,,,,,,,,,,
2026-04-02 23:59:53 UTC,69,c3d66be9-8247-4c7b-81e7-6d6df8b7c120,Joe,Burrow,CIN,QB,2007f3d8-69f5-4c31-8585-9e1d7008a910,49aad976-89f8-4c71-860b-8e5c43ea9660,,12,,The Little Board,bd240943-36bf-459c-9c89-7d70301a50ac,3.0,500000.0,189000,,,,,,,,,,
2026-04-11 00:51:17 UTC,211,c9ee5554-33fc-4145-9ea3-b327726819f7,Alvin,Kamara,NO,RB,1f984bfe-ae22-43ee-9973-336ebb5a41ec,9a8de796-13e1-4b99-b4e5-b91f6cea28b0,,12,,The Little Board,bd240943-36bf-459c-9c89-7d70301a50ac,3.0,500000.0,189000,,,,,,,,,,
2026-04-04 15:39:14 UTC,124,ec3cc726-3a53-4fd6-a970-d7ae37c4f669,Rachaad,White,WAS,RB,20bb6f0d-c1dc-485e-ac14-97b2405d9a8d,87e93b27-876a-47da-bc1b-e0fb35338429,,12,,The Little Board,bd240943-36bf-459c-9c89-7d70301a50ac,3.0,500000.0,189000,,,,,,,,,,
2026-04-12 21:27:12 UTC,182,d19b1dcd-eec7-4301-96b7-881b2eb62b71,Isaac,TeSlaa,DET,WR,2105e2d7-b349-4857-b472-cc91172bfa2c,4a98220f-4599-4931-b5f7-4d3a77605815,,12,,The Little Board,bd240943-36bf-459c-9c89-7d70301a50ac,3.0,500000.0,189000,,,,,,,,,,
2026-03-27 17:48:12 UTC,14,ef8f7b19-9e41-456e-889c-04843428131c,De'Von,Achane,MIA,RB,2105e2d7-b349-4857-b472-cc91172bfa2c,4a98220f-4599-4931-b5f7-4d3a77605815,,12,,The Little Board,bd240943-36bf-459c-9c89-7d70301a50ac,3.0,500000.0,189000,,,,,,,,,,
2026-03-28 15:34:25 UTC,226,0ef29b09-0865-46b0-b7a9-aadadac80139,Pat,Freiermuth,PIT,TE,3d27f8d1-2bae-4cf4-85a8-defb799bf89d,10c75d97-23ec-4b13-bd9e-6071f454a291,,12,,The Big Board,20b6d363-f4e6-472a-be06-871d6b3e5a14,10.0,2000000.0,223200,,,,,,,,,,
2026-04-09 16:08:17 UTC,182,8d11340a-42d3-42ee-aed4-4eba9d446760,Tank,Bigsby,PHI,RB,2051326d-6ce1-4f70-8d1c-db2b368d5d74,875562bc-4eaa-46ff-a4dd-2bcc468c957b,,12,,The Little Board,bd240943-36bf-459c-9c89-7d70301a50ac,3.0,500000.0,189000,,,,,,,,,,
2026-04-01 23:19:40 UTC,90,8f0f38c0-e0e8-49ae-b633-1aeabf20d410,Jaxson,Dart,NYG,QB,20cef8c6-5ad9-489e-a61d-d261dbccac8f,65a804c2-7338-4de7-93a4-e3abf70838a7,,12,,The Little Board,bd240943-36bf-459c-9c89-7d70301a50ac,3.0,500000.0,189000,,,,,,,,,,
2026-03-25 22:41:06 UTC,59,afb04f45-45eb-4105-846b-2c0067fc25af,Marvin,Harrison,ARI,WR,0060664a-38cc-4d94-b62c-3fa8d1fc737b,4c7f1e57-b971-4e2f-b2c7-4fde6a905d2f,,12,,The Little Board,bd240943-36bf-459c-9c89-7d70301a50ac,3.0,500000.0,189000,,,,,,,,,,
2026-04-06 18:33:45 UTC,208,47d7d5b8-988b-4d42-8925-399f3bb6660a,Jordan,James,SF,RB,1fe84841-d9c8-481a-9eb6-aef932f8a5f6,39145fa1-01a7-429d-8f8e-56d7722522c2,,12,,The Little Board,bd240943-36bf-459c-9c89-7d70301a50ac,3.0,500000.0,189000,,,,,,,,,,
2026-03-25 22:46:28 UTC,86,979a31b2-8567-4ca0-9cef-e3318c945141,Tyler,Allgeier,ARI,RB,0060664a-38cc-4d94-b62c-3fa8d1fc737b,4c7f1e57-b971-4e2f-b2c7-4fde6a905d2f,,12,,The Little Board,bd240943-36bf-459c-9c89-7d70301a50ac,3.0,500000.0,189000,,,,,,,,,,
2026-03-28 15:30:56 UTC,202,f3350e4c-a3bf-496c-97ee-3433f7794553,Troy,Franklin,DEN,WR,3d27f8d1-2bae-4cf4-85a8-defb799bf89d,10c75d97-23ec-4b13-bd9e-6071f454a291,,12,,The Big Board,20b6d363-f4e6-472a-be06-871d6b3e5a14,10.0,2000000.0,223200,,,,,,,,,,
2026-03-31 23:23:18 UTC,59,4337f182-41cc-480b-ac28-64fcc0d07895,Brian,Thomas,JAX,WR,2068bddd-60da-42a8-b905-a726bd31d95b,3dab5a42-48ee-471a-827e-b1f44ad4b42c,,12,,The Little Board,bd240943-36bf-459c-9c89-7d70301a50ac,3.0,500000.0,189000,,,,,,,,,,
2026-03-29 02:24:10 UTC,44,be1270d5-0970-47e5-ae48-9a3fc9266d02,Jaylen,Waddle,DEN,WR,20a0799d-1d1a-4c7d-be58-45a72f9da5d9,19200e87-e9bf-445c-aa50-ea28e9ee0543,,12,,The Little Board,bd240943-36bf-459c-9c89-7d70301a50ac,3.0,500000.0,189000,,,,,,,,,,
2026-04-01 16:17:32 UTC,105,29ab2065-18c7-4619-bfb9-608800ffedf4,Kyle,Pitts,ATL,TE,1fe84841-d9c8-481a-9eb6-aef932f8a5f6,39145fa1-01a7-429d-8f8e-56d7722522c2,,12,,The Little Board,bd240943-36bf-459c-9c89-7d70301a50ac,3.0,500000.0,189000,,,,,,,,,,
2026-04-11 16:51:11 UTC,210,23f721b9-f916-4ed4-8686-0822322a46b1,Terrance,Ferguson,LAR,TE,20cef8c6-5ad9-489e-a61d-d261dbccac8f,65a804c2-7338-4de7-93a4-e3abf70838a7,,12,,The Little Board,bd240943-36bf-459c-9c89-7d70301a50ac,3.0,500000.0,189000,,,,,,,,,,
2026-04-11 10:20:35 UTC,221,7713af8a-2a78-48f4-82f8-388d0c51c47c,Colby,Parkinson,LAR,TE,20a0799d-1d1a-4c7d-be58-45a72f9da5d9,19200e87-e9bf-445c-aa50-ea28e9ee0543,,12,,The Little Board,bd240943-36bf-459c-9c89-7d70301a50ac,3.0,500000.0,189000,,,,,,,,,,
2026-04-06 17:17:12 UTC,129,a66ec7fc-58bb-4cd1-9f45-bf10c950ff11,Travis,Kelce,KC,TE,21217cf0-90ed-4b48-be8d-878adcc34176,732bbf6e-cfdc-4db3-b7ff-8d456fc099d1,,12,,The Little Board,bd240943-36bf-459c-9c89-7d70301a50ac,3.0,500000.0,189000,,,,,,,,,,
2026-03-30 15:07:20 UTC,38,ecfeab79-505c-42b9-b0db-c0905139f8e1,Zay,Flowers,BAL,WR,2105e2d7-b349-4857-b472-cc91172bfa2c,4a98220f-4599-4931-b5f7-4d3a77605815,,12,,The Little Board,bd240943-36bf-459c-9c89-7d70301a50ac,3.0,500000.0,189000,,,,,,,,,,
2026-04-01 20:26:08 UTC,81,280b225e-1d98-4ea0-8b96-d7d8a21da8ab,Caleb,Williams,CHI,QB,21217cf0-90ed-4b48-be8d-878adcc34176,732bbf6e-cfdc-4db3-b7ff-8d456fc099d1,,12,,The Little Board,bd240943-36bf-459c-9c89-7d70301a50ac,3.0,500000.0,189000,,,,,,,,,,
2026-03-25 22:56:07 UTC,135,a66ec7fc-58bb-4cd1-9f45-bf10c950ff11,Travis,Kelce,KC,TE,a1486180-36ba-48c5-a2ef-c5d4c6a5a02a,13fa3e04-a7dc-413c-9839-eff7b137bd7b,,12,,The Little Board,bd240943-36bf-459c-9c89-7d70301a50ac,3.0,500000.0,189000,,,,,,,,,,
2026-03-28 15:15:54 UTC,111,f862802a-77a6-4ed7-b299-fd7dd82b5116,Jadarian,Price,SEA,RB,3d27f8d1-2bae-4cf4-85a8-defb799bf89d,10c75d97-23ec-4b13-bd9e-6071f454a291,,12,,The Big Board,20b6d363-f4e6-472a-be06-871d6b3e5a14,10.0,2000000.0,223200,,,,,,,,,,
2026-04-09 10:55:51 UTC,131,460568e9-21fb-4030-9a36-276f0dafb22f,Dallas,Goedert,PHI,TE,2105e2d7-b349-4857-b472-cc91172bfa2c,4a98220f-4599-4931-b5f7-4d3a77605815,,12,,The Little Board,bd240943-36bf-459c-9c89-7d70301a50ac,3.0,500000.0,189000,,,,,,,,,,
2026-04-13 15:51:28 UTC,173,8951e1bb-aed2-40ff-9f40-f09197f7ffd2,Adonai,Mitchell,NYJ,WR,201605c6-0022-46c1-a278-588cc6e12a2b,ac1bcdd1-d024-43ec-8364-4c1818e530a4,,12,,The Little Board,bd240943-36bf-459c-9c89-7d70301a50ac,3.0,500000.0,189000,,,,,,,,,,
2026-04-06 01:13:11 UTC,107,4dd966b8-1e87-4ed3-bd8e-c030d99b4a7e,Michael,Pittman Jr.,PIT,WR,2105e2d7-b349-4857-b472-cc91172bfa2c,4a98220f-4599-4931-b5f7-4d3a77605815,,12,,The Little Board,bd240943-36bf-459c-9c89-7d70301a50ac,3.0,500000.0,189000,,,,,,,,,,
2026-03-25 22:43:23 UTC,58,4337f182-41cc-480b-ac28-64fcc0d07895,Brian,Thomas,JAX,WR,a1486180-36ba-48c5-a2ef-c5d4c6a5a02a,13fa3e04-a7dc-413c-9839-eff7b137bd7b,,12,,The Little Board,bd240943-36bf-459c-9c89-7d70301a50ac,3.0,500000.0,189000,,,,,,,,,,
2026-04-14 01:04:14 UTC,237,5efbae7f-4fd9-45f3-b374-e7dbabd26412,Najee,Harris,NYG,RB,20124d7d-2b66-4474-bef1-2ca31016095d,45ef4741-facf-455e-b8ea-2ab9bce03b65,,12,,The Little Board,bd240943-36bf-459c-9c89-7d70301a50ac,3.0,500000.0,189000,,,,,,,,,,
2026-04-11 00:51:08 UTC,155,74495a7e-40fd-4779-8599-af4dd40ec864,Brenton,Strange,JAX,TE,2105e2d7-b349-4857-b472-cc91172bfa2c,4a98220f-4599-4931-b5f7-4d3a77605815,,12,,The Little Board,bd240943-36bf-459c-9c89-7d70301a50ac,3.0,500000.0,189000,,,,,,,,,,
2026-04-08 00:47:53 UTC,96,86f1cc56-83b8-4011-b88b-0a9245e79865,Dak,Prescott,DAL,QB,20dad77f-7fe5-44d2-9b12-970998fae218,e0d63c39-93ca-436b-8cca-5eff7bbff4f2,,12,,The Little Board,bd240943-36bf-459c-9c89-7d70301a50ac,3.0,500000.0,189000,,,,,,,,,,
2026-04-02 12:50:26 UTC,93,679c05b5-1aa5-452d-853e-ec868e43e0f8,Kyle,Monangai,CHI,RB,20124d7d-2b66-4474-bef1-2ca31016095d,45ef4741-facf-455e-b8ea-2ab9bce03b65,,12,,The Little Board,bd240943-36bf-459c-9c89-7d70301a50ac,3.0,500000.0,189000,,,,,,,,,,
2026-03-25 23:07:10 UTC,207,ee7eb028-bf93-4c90-82ce-caa15cb46285,Aaron,Rodgers,PIT,QB,a1486180-36ba-48c5-a2ef-c5d4c6a5a02a,13fa3e04-a7dc-413c-9839-eff7b137bd7b,,12,,The Little Board,bd240943-36bf-459c-9c89-7d70301a50ac,3.0,500000.0,189000,,,,,,,,,,
2026-03-31 11:56:50 UTC,95,40eba077-feae-4371-838b-13b5a8764603,Brock,Purdy,SF,QB,213c3686-dad9-468e-89ee-53f83daa4074,3c162b72-8f43-48e2-8aa1-d1afa9d15f3e,,12,,The Little Board,bd240943-36bf-459c-9c89-7d70301a50ac,3.0,500000.0,189000,,,,,,,,,,
2026-04-01 14:11:48 UTC,67,839ae7c3-b8bb-4049-94d0-abb4c41835fd,RJ,Harvey,DEN,RB,1f984bfe-ae22-43ee-9973-336ebb5a41ec,9a8de796-13e1-4b99-b4e5-b91f6cea28b0,,12,,The Little Board,bd240943-36bf-459c-9c89-7d70301a50ac,3.0,500000.0,189000,,,,,,,,,,
2026-04-05 23:15:14 UTC,184,8d11340a-42d3-42ee-aed4-4eba9d446760,Tank,Bigsby,PHI,RB,1fe84841-d9c8-481a-9eb6-aef932f8a5f6,39145fa1-01a7-429d-8f8e-56d7722522c2,,12,,The Little Board,bd240943-36bf-459c-9c89-7d70301a50ac,3.0,500000.0,189000,,,,,,,,,,
2026-04-07 01:35:28 UTC,164,e8d0dc47-cb5e-49b3-a294-d6bdb56dfb54,Geno,Smith,NYJ,QB,20a0799d-1d1a-4c7d-be58-45a72f9da5d9,19200e87-e9bf-445c-aa50-ea28e9ee0543,,12,,The Little Board,bd240943-36bf-459c-9c89-7d70301a50ac,3.0,500000.0,189000,,,,,,,,,,
2026-03-28 16:08:49 UTC,26,ad9c279e-9352-4475-8beb-06f169e19532,Trey,McBride,ARI,TE,206002f7-974f-413c-8ee2-9d558e7ce3d8,18e62d2c-0e2d-4e9d-9153-623b6ec5b9f5,,12,,The Little Board,bd240943-36bf-459c-9c89-7d70301a50ac,3.0,500000.0,189000,,,,,,,,,,
2026-04-10 20:43:09 UTC,148,1fe6f38a-b63f-479a-939b-3dc73c8ffe79,Daniel,Jones,IND,QB,2007f3d8-69f5-4c31-8585-9e1d7008a910,49aad976-89f8-4c71-860b-8e5c43ea9660,,12,,The Little Board,bd240943-36bf-459c-9c89-7d70301a50ac,3.0,500000.0,189000,,,,,,,,,,
2026-03-27 15:24:52 UTC,23,812b5ae1-3e06-44b2-b67b-a82a49575f0d,Chris,Olave,NO,WR,21281346-d1bc-408c-a9e6-cda94ae81172,94614c4f-60f3-4b9a-b4e8-afa7619b9883,,12,,The Little Board,bd240943-36bf-459c-9c89-7d70301a50ac,3.0,500000.0,189000,,,,,,,,,,
2026-04-10 22:44:21 UTC,169,de3a132b-38ff-4027-ac9b-07fdb60ea312,Calvin,Ridley,TEN,WR,20a4f77b-eb41-48dc-a956-2a0f5d140b7d,6a879f99-1d91-49cb-96ad-e0711288f88c,,12,,The Little Board,bd240943-36bf-459c-9c89-7d70301a50ac,3.0,500000.0,189000,,,,,,,,,,
2026-04-09 23:22:25 UTC,203,0ef29b09-0865-46b0-b7a9-aadadac80139,Pat,Freiermuth,PIT,TE,2068bddd-60da-42a8-b905-a726bd31d95b,3dab5a42-48ee-471a-827e-b1f44ad4b42c,,12,,The Little Board,bd240943-36bf-459c-9c89-7d70301a50ac,3.0,500000.0,189000,,,,,,,,,,
2026-03-28 15:35:30 UTC,231,da3df14f-7e24-4905-82c8-b98bbd8a1f59,Michael,Penix,ATL,QB,3d27f8d1-2bae-4cf4-85a8-defb799bf89d,10c75d97-23ec-4b13-bd9e-6071f454a291,,12,,The Big Board,20b6d363-f4e6-472a-be06-871d6b3e5a14,10.0,2000000.0,223200,,,,,,,,,,
2026-03-28 14:51:55 UTC,23,b7c774ea-6453-4fed-8770-0d8f95cff419,Derrick,Henry,BAL,RB,206002f7-974f-413c-8ee2-9d558e7ce3d8,18e62d2c-0e2d-4e9d-9153-623b6ec5b9f5,,12,,The Little Board,bd240943-36bf-459c-9c89-7d70301a50ac,3.0,500000.0,189000,,,,,,,,,,
2026-04-06 02:41:05 UTC,110,dbe7b16f-647e-4e19-a15b-2c885cede6b3,Kenny,Gainwell,TB,RB,2105e2d7-b349-4857-b472-cc91172bfa2c,4a98220f-4599-4931-b5f7-4d3a77605815,,12,,The Little Board,bd240943-36bf-459c-9c89-7d70301a50ac,3.0,500000.0,189000,,,,,,,,,,
2026-03-25 23:10:16 UTC,226,a5e721fb-ff37-4e01-82fc-2a59cc74d201,Jaydon,Blue,PHI,RB,a1486180-36ba-48c5-a2ef-c5d4c6a5a02a,13fa3e04-a7dc-413c-9839-eff7b137bd7b,,12,,The Little Board,bd240943-36bf-459c-9c89-7d70301a50ac,3.0,500000.0,189000,,,,,,,,,,
2026-04-06 17:17:29 UTC,141,0e759258-47eb-4ded-af7f-6ffce9ab2ad8,Cam,Ward,TEN,QB,20734e48-286f-4f6a-a660-ace0502aa6d6,2abcfd15-865e-49a3-8bd4-37da10549ba7,,12,,The Little Board,bd240943-36bf-459c-9c89-7d70301a50ac,3.0,500000.0,189000,,,,,,,,,,
2026-03-25 23:05:33 UTC,182,d19b1dcd-eec7-4301-96b7-881b2eb62b71,Isaac,TeSlaa,DET,WR,0060664a-38cc-4d94-b62c-3fa8d1fc737b,4c7f1e57-b971-4e2f-b2c7-4fde6a905d2f,,12,,The Little Board,bd240943-36bf-459c-9c89-7d70301a50ac,3.0,500000.0,189000,,,,,,,,,,
2026-04-15 01:38:46 UTC,168,2382c558-7024-47ab-8330-d96bfc46eacf,Jalen,Nailor,LV,WR,20dad77f-7fe5-44d2-9b12-970998fae218,e0d63c39-93ca-436b-8cca-5eff7bbff4f2,,12,,The Little Board,bd240943-36bf-459c-9c89-7d70301a50ac,3.0,500000.0,189000,,,,,,,,,,
2026-04-05 23:14:53 UTC,149,68f1481d-0941-40aa-81ea-38f1e8705320,Tyrone,Tracy,NYG,RB,20a0799d-1d1a-4c7d-be58-45a72f9da5d9,19200e87-e9bf-445c-aa50-ea28e9ee0543,,12,,The Little Board,bd240943-36bf-459c-9c89-7d70301a50ac,3.0,500000.0,189000,,,,,,,,,,
2026-04-02 17:24:14 UTC,92,887722ae-dbfb-4fd4-90b1-e62066f3c81f,Jakobi,Meyers,JAX,WR,20a0799d-1d1a-4c7d-be58-45a72f9da5d9,19200e87-e9bf-445c-aa50-ea28e9ee0543,,12,,The Little Board,bd240943-36bf-459c-9c89-7d70301a50ac,3.0,500000.0,189000,,,,,,,,,,
2026-03-25 22:47:51 UTC,87,8f0f38c0-e0e8-49ae-b633-1aeabf20d410,Jaxson,Dart,NYG,QB,a1486180-36ba-48c5-a2ef-c5d4c6a5a02a,13fa3e04-a7dc-413c-9839-eff7b137bd7b,,12,,The Little Board,bd240943-36bf-459c-9c89-7d70301a50ac,3.0,500000.0,189000,,,,,,,,,,
2026-03-27 15:34:57 UTC,11,dcf963bc-fd54-4af7-a736-91c4f03abb34,Omarion,Hampton,LAC,RB,2105e2d7-b349-4857-b472-cc91172bfa2c,4a98220f-4599-4931-b5f7-4d3a77605815,,12,,The Little Board,bd240943-36bf-459c-9c89-7d70301a50ac,3.0,500000.0,189000,,,,,,,,,,
2026-03-31 02:39:52 UTC,44,9a699b6c-b060-4d9c-b8d0-b5c0b3f054c6,Emeka,Egbuka,TB,WR,201605c6-0022-46c1-a278-588cc6e12a2b,ac1bcdd1-d024-43ec-8364-4c1818e530a4,,12,,The Little Board,bd240943-36bf-459c-9c89-7d70301a50ac,3.0,500000.0,189000,,,,,,,,,,
2026-03-26 14:13:02 UTC,1,b01bb761-f415-43c6-9e28-ba81d9e75025,Bijan,Robinson,ATL,RB,20dad77f-7fe5-44d2-9b12-970998fae218,e0d63c39-93ca-436b-8cca-5eff7bbff4f2,,12,,The Little Board,bd240943-36bf-459c-9c89-7d70301a50ac,3.0,500000.0,189000,,,,,,,,,,
2026-04-17 02:05:25 UTC,221,41e61444-c84a-4a89-af17-f18df3b95e21,Hollywood,Brown,PHI,WR,201605c6-0022-46c1-a278-588cc6e12a2b,ac1bcdd1-d024-43ec-8364-4c1818e530a4,,12,,The Little Board,bd240943-36bf-459c-9c89-7d70301a50ac,3.0,500000.0,189000,,,,,,,,,,
2026-03-30 17:30:29 UTC,66,142fcc25-dca6-4ed8-b976-ef44d7a8051e,Alec,Pierce,IND,WR,20cef8c6-5ad9-489e-a61d-d261dbccac8f,65a804c2-7338-4de7-93a4-e3abf70838a7,,12,,The Little Board,bd240943-36bf-459c-9c89-7d70301a50ac,3.0,500000.0,189000,,,,,,,,,,
2026-03-25 22:51:09 UTC,106,4dd966b8-1e87-4ed3-bd8e-c030d99b4a7e,Michael,Pittman Jr.,PIT,WR,a1486180-36ba-48c5-a2ef-c5d4c6a5a02a,13fa3e04-a7dc-413c-9839-eff7b137bd7b,,12,,The Little Board,bd240943-36bf-459c-9c89-7d70301a50ac,3.0,500000.0,189000,,,,,,,,,,
2026-04-13 18:06:33 UTC,234,aff9428e-7f36-44f9-be0f-d79a1580b077,Emari,Demercado,DAL,RB,20cef8c6-5ad9-489e-a61d-d261dbccac8f,65a804c2-7338-4de7-93a4-e3abf70838a7,,12,,The Little Board,bd240943-36bf-459c-9c89-7d70301a50ac,3.0,500000.0,189000,,,,,,,,,,
2026-03-28 15:12:34 UTC,87,29ab2065-18c7-4619-bfb9-608800ffedf4,Kyle,Pitts,ATL,TE,3d27f8d1-2bae-4cf4-85a8-defb799bf89d,10c75d97-23ec-4b13-bd9e-6071f454a291,,12,,The Big Board,20b6d363-f4e6-472a-be06-871d6b3e5a14,10.0,2000000.0,223200,,,,,,,,,,
2026-04-10 21:32:22 UTC,189,7f365916-f19e-40b0-b559-17efb21cb048,Tyjae,Spears,TEN,RB,20124d7d-2b66-4474-bef1-2ca31016095d,45ef4741-facf-455e-b8ea-2ab9bce03b65,,12,,The Little Board,bd240943-36bf-459c-9c89-7d70301a50ac,3.0,500000.0,189000,,,,,,,,,,
2026-03-28 23:20:31 UTC,33,495d29ca-232c-40bf-92dc-d6372226354d,Rashee,Rice,KC,WR,21217cf0-90ed-4b48-be8d-878adcc34176,732bbf6e-cfdc-4db3-b7ff-8d456fc099d1,,12,,The Little Board,bd240943-36bf-459c-9c89-7d70301a50ac,3.0,500000.0,189000,,,,,,,,,,
2026-04-06 11:28:18 UTC,201,7518c217-a599-426f-ae03-648a0ef5abe6,Tre',Harris,LAC,WR,1fe84841-d9c8-481a-9eb6-aef932f8a5f6,39145fa1-01a7-429d-8f8e-56d7722522c2,,12,,The Little Board,bd240943-36bf-459c-9c89-7d70301a50ac,3.0,500000.0,189000,,,,,,,,,,
2026-03-26 10:42:22 UTC,2,b01bb761-f415-43c6-9e28-ba81d9e75025,Bijan,Robinson,ATL,RB,206002f7-974f-413c-8ee2-9d558e7ce3d8,18e62d2c-0e2d-4e9d-9153-623b6ec5b9f5,,12,,The Little Board,bd240943-36bf-459c-9c89-7d70301a50ac,3.0,500000.0,189000,,,,,,,,,,
2026-04-12 10:10:20 UTC,235,e8a0a4a1-632a-436a-b813-a5de3994f209,Shedeur,Sanders,CLE,QB,1f984bfe-ae22-43ee-9973-336ebb5a41ec,9a8de796-13e1-4b99-b4e5-b91f6cea28b0,,12,,The Little Board,bd240943-36bf-459c-9c89-7d70301a50ac,3.0,500000.0,189000,,,,,,,,,,
2026-04-08 12:56:25 UTC,124,67207524-894f-453a-8fa4-44bf33b5703b,Tyler,Shough,NO,QB,2007f3d8-69f5-4c31-8585-9e1d7008a910,49aad976-89f8-4c71-860b-8e5c43ea9660,,12,,The Little Board,bd240943-36bf-459c-9c89-7d70301a50ac,3.0,500000.0,189000,,,,,,,,,,
2026-03-28 15:23:32 UTC,154,409e3446-57c7-41eb-bc63-9922930f6408,Travis,Hunter,JAX,WR,3d27f8d1-2bae-4cf4-85a8-defb799bf89d,10c75d97-23ec-4b13-bd9e-6071f454a291,,12,,The Big Board,20b6d363-f4e6-472a-be06-871d6b3e5a14,10.0,2000000.0,223200,,,,,,,,,,
2026-03-30 17:30:44 UTC,57,5ff0e40f-9de2-4c4a-87e4-3c68f5472a27,Rome,Odunze,CHI,WR,21217cf0-90ed-4b48-be8d-878adcc34176,732bbf6e-cfdc-4db3-b7ff-8d456fc099d1,,12,,The Little Board,bd240943-36bf-459c-9c89-7d70301a50ac,3.0,500000.0,189000,,,,,,,,,,
2026-04-14 23:21:07 UTC,230,6da1b155-129e-427c-bc9c-1e20b0e34e03,Theo,Johnson,NYG,TE,2105e2d7-b349-4857-b472-cc91172bfa2c,4a98220f-4599-4931-b5f7-4d3a77605815,,12,,The Little Board,bd240943-36bf-459c-9c89-7d70301a50ac,3.0,500000.0,189000,,,,,,,,,,
2026-03-25 23:11:05 UTC,231,92a00945-c13a-4fcd-bced-a5873f5f4b23,Justice,Hill,BAL,RB,a1486180-36ba-48c5-a2ef-c5d4c6a5a02a,13fa3e04-a7dc-413c-9839-eff7b137bd7b,,12,,The Little Board,bd240943-36bf-459c-9c89-7d70301a50ac,3.0,500000.0,189000,,,,,,,,,,
2026-04-01 12:21:54 UTC,86,887722ae-dbfb-4fd4-90b1-e62066f3c81f,Jakobi,Meyers,JAX,WR,2051326d-6ce1-4f70-8d1c-db2b368d5d74,875562bc-4eaa-46ff-a4dd-2bcc468c957b,,12,,The Little Board,bd240943-36bf-459c-9c89-7d70301a50ac,3.0,500000.0,189000,,,,,,,,,,
2026-03-27 11:05:42 UTC,23,7fc0aee4-38db-42f5-919d-52da687dedf4,Chase,Brown,CIN,RB,213c3686-dad9-468e-89ee-53f83daa4074,3c162b72-8f43-48e2-8aa1-d1afa9d15f3e,,12,,The Little Board,bd240943-36bf-459c-9c89-7d70301a50ac,3.0,500000.0,189000,,,,,,,,,,
2026-04-04 10:10:57 UTC,86,006dd79c-dead-4677-8d43-3b699d57d7c7,Trevor,Lawrence,JAX,QB,2105e2d7-b349-4857-b472-cc91172bfa2c,4a98220f-4599-4931-b5f7-4d3a77605815,,12,,The Little Board,bd240943-36bf-459c-9c89-7d70301a50ac,3.0,500000.0,189000,,,,,,,,,,
2026-04-02 10:45:51 UTC,100,29ab2065-18c7-4619-bfb9-608800ffedf4,Kyle,Pitts,ATL,TE,20bb6f0d-c1dc-485e-ac14-97b2405d9a8d,87e93b27-876a-47da-bc1b-e0fb35338429,,12,,The Little Board,bd240943-36bf-459c-9c89-7d70301a50ac,3.0,500000.0,189000,,,,,,,,,,
2026-04-01 21:44:26 UTC,112,0c3af97a-d800-4e73-aa0d-7eaa10d9aa91,Xavier,Worthy,KC,WR,1fe84841-d9c8-481a-9eb6-aef932f8a5f6,39145fa1-01a7-429d-8f8e-56d7722522c2,,12,,The Little Board,bd240943-36bf-459c-9c89-7d70301a50ac,3.0,500000.0,189000,,,,,,,,,,
2026-03-25 23:14:49 UTC,227,dd50cff2-b976-4a57-9c97-959792acc677,Kyle,Williams,NE,WR,0060664a-38cc-4d94-b62c-3fa8d1fc737b,4c7f1e57-b971-4e2f-b2c7-4fde6a905d2f,,12,,The Little Board,bd240943-36bf-459c-9c89-7d70301a50ac,3.0,500000.0,189000,,,,,,,,,,
2026-04-11 21:00:49 UTC,236,6da1b155-129e-427c-bc9c-1e20b0e34e03,Theo,Johnson,NYG,TE,20a0799d-1d1a-4c7d-be58-45a72f9da5d9,19200e87-e9bf-445c-aa50-ea28e9ee0543,,12,,The Little Board,bd240943-36bf-459c-9c89-7d70301a50ac,3.0,500000.0,189000,,,,,,,,,,
2026-03-28 15:28:23 UTC,183,7f365916-f19e-40b0-b559-17efb21cb048,Tyjae,Spears,TEN,RB,3d27f8d1-2bae-4cf4-85a8-defb799bf89d,10c75d97-23ec-4b13-bd9e-6071f454a291,,12,,The Big Board,20b6d363-f4e6-472a-be06-871d6b3e5a14,10.0,2000000.0,223200,,,,,,,,,,
2026-04-08 19:29:17 UTC,189,8d11340a-42d3-42ee-aed4-4eba9d446760,Tank,Bigsby,PHI,RB,20bb6f0d-c1dc-485e-ac14-97b2405d9a8d,87e93b27-876a-47da-bc1b-e0fb35338429,,12,,The Little Board,bd240943-36bf-459c-9c89-7d70301a50ac,3.0,500000.0,189000,,,,,,,,,,
2026-03-28 15:07:58 UTC,58,afb04f45-45eb-4105-846b-2c0067fc25af,Marvin,Harrison,ARI,WR,3d27f8d1-2bae-4cf4-85a8-defb799bf89d,10c75d97-23ec-4b13-bd9e-6071f454a291,,12,,The Big Board,20b6d363-f4e6-472a-be06-871d6b3e5a14,10.0,2000000.0,223200,,,,,,,,,,
2026-03-27 11:04:56 UTC,16,9c056ba5-502c-4584-85e2-e605ff46b47a,Saquon,Barkley,PHI,RB,1fe84841-d9c8-481a-9eb6-aef932f8a5f6,39145fa1-01a7-429d-8f8e-56d7722522c2,,12,,The Little Board,bd240943-36bf-459c-9c89-7d70301a50ac,3.0,500000.0,189000,,,,,,,,,,
2026-03-31 19:53:03 UTC,98,29ab2065-18c7-4619-bfb9-608800ffedf4,Kyle,Pitts,ATL,TE,213c3686-dad9-468e-89ee-53f83daa4074,3c162b72-8f43-48e2-8aa1-d1afa9d15f3e,,12,,The Little Board,bd240943-36bf-459c-9c89-7d70301a50ac,3.0,500000.0,189000,,,,,,,,,,
2026-04-04 22:12:35 UTC,194,9b21104d-a923-480e-a63e-1255457ce242,Cade,Otton,TB,TE,213c3686-dad9-468e-89ee-53f83daa4074,3c162b72-8f43-48e2-8aa1-d1afa9d15f3e,,12,,The Little Board,bd240943-36bf-459c-9c89-7d70301a50ac,3.0,500000.0,189000,,,,,,,,,,
2026-03-31 19:53:40 UTC,76,2b0c8b6a-44fc-49b0-8db9-d63bac8b142b,Jalen,Hurts,PHI,QB,20734e48-286f-4f6a-a660-ace0502aa6d6,2abcfd15-865e-49a3-8bd4-37da10549ba7,,12,,The Little Board,bd240943-36bf-459c-9c89-7d70301a50ac,3.0,500000.0,189000,,,,,,,,,,
2026-04-11 16:51:04 UTC,222,b7f05306-1074-4b84-8a6c-124f655b9ff3,Dontayvion,Wicks,PHI,WR,1f984bfe-ae22-43ee-9973-336ebb5a41ec,9a8de796-13e1-4b99-b4e5-b91f6cea28b0,,12,,The Little Board,bd240943-36bf-459c-9c89-7d70301a50ac,3.0,500000.0,189000,,,,,,,,,,
2026-04-11 18:46:44 UTC,208,b7f3c255-0896-4b47-8b32-4ee1cf262c5b,Germie,Bernard,PIT,WR,21217cf0-90ed-4b48-be8d-878adcc34176,732bbf6e-cfdc-4db3-b7ff-8d456fc099d1,,12,,The Little Board,bd240943-36bf-459c-9c89-7d70301a50ac,3.0,500000.0,189000,,,,,,,,,,
2026-03-26 11:56:56 UTC,2,eec15e8b-2a0d-4693-98b9-a64aeaf975d6,Jahmyr,Gibbs,DET,RB,213c3686-dad9-468e-89ee-53f83daa4074,3c162b72-8f43-48e2-8aa1-d1afa9d15f3e,,12,,The Little Board,bd240943-36bf-459c-9c89-7d70301a50ac,3.0,500000.0,189000,,,,,,,,,,
2026-04-12 17:47:00 UTC,227,f3350e4c-a3bf-496c-97ee-3433f7794553,Troy,Franklin,DEN,WR,2051326d-6ce1-4f70-8d1c-db2b368d5d74,875562bc-4eaa-46ff-a4dd-2bcc468c957b,,12,,The Little Board,bd240943-36bf-459c-9c89-7d70301a50ac,3.0,500000.0,189000,,,,,,,,,,
2026-04-02 21:23:21 UTC,146,0e759258-47eb-4ded-af7f-6ffce9ab2ad8,Cam,Ward,TEN,QB,213c3686-dad9-468e-89ee-53f83daa4074,3c162b72-8f43-48e2-8aa1-d1afa9d15f3e,,12,,The Little Board,bd240943-36bf-459c-9c89-7d70301a50ac,3.0,500000.0,189000,,,,,,,,,,
2026-04-07 22:23:40 UTC,215,47d7d5b8-988b-4d42-8925-399f3bb6660a,Jordan,James,SF,RB,21281346-d1bc-408c-a9e6-cda94ae81172,94614c4f-60f3-4b9a-b4e8-afa7619b9883,,12,,The Little Board,bd240943-36bf-459c-9c89-7d70301a50ac,3.0,500000.0,189000,,,,,,,,,,
2026-04-08 01:40:39 UTC,194,9b21104d-a923-480e-a63e-1255457ce242,Cade,Otton,TB,TE,206002f7-974f-413c-8ee2-9d558e7ce3d8,18e62d2c-0e2d-4e9d-9153-623b6ec5b9f5,,12,,The Little Board,bd240943-36bf-459c-9c89-7d70301a50ac,3.0,500000.0,189000,,,,,,,,,,
2026-04-12 21:26:53 UTC,223,f664cfe3-c377-4cc9-89b4-8cc2938ea033,Ollie,Gordon,MIA,RB,20cef8c6-5ad9-489e-a61d-d261dbccac8f,65a804c2-7338-4de7-93a4-e3abf70838a7,,12,,The Little Board,bd240943-36bf-459c-9c89-7d70301a50ac,3.0,500000.0,189000,,,,,,,,,,
2026-03-25 22:45:37 UTC,83,86f1cc56-83b8-4011-b88b-0a9245e79865,Dak,Prescott,DAL,QB,0060664a-38cc-4d94-b62c-3fa8d1fc737b,4c7f1e57-b971-4e2f-b2c7-4fde6a905d2f,,12,,The Little Board,bd240943-36bf-459c-9c89-7d70301a50ac,3.0,500000.0,189000,,,,,,,,,,
2026-04-08 16:56:23 UTC,174,27dd8866-085a-442e-8e5c-b9be46f0f1e1,Isiah,Pacheco,DET,RB,1f984bfe-ae22-43ee-9973-336ebb5a41ec,9a8de796-13e1-4b99-b4e5-b91f6cea28b0,,12,,The Little Board,bd240943-36bf-459c-9c89-7d70301a50ac,3.0,500000.0,189000,,,,,,,,,,
2026-04-01 10:59:42 UTC,83,ba0bdd0d-d7b7-4fd1-a64f-bd51f64dbdac,Jaylen,Warren,PIT,RB,2051326d-6ce1-4f70-8d1c-db2b368d5d74,875562bc-4eaa-46ff-a4dd-2bcc468c957b,,12,,The Little Board,bd240943-36bf-459c-9c89-7d70301a50ac,3.0,500000.0,189000,,,,,,,,,,
2026-04-06 12:21:43 UTC,194,9b21104d-a923-480e-a63e-1255457ce242,Cade,Otton,TB,TE,21281346-d1bc-408c-a9e6-cda94ae81172,94614c4f-60f3-4b9a-b4e8-afa7619b9883,,12,,The Little Board,bd240943-36bf-459c-9c89-7d70301a50ac,3.0,500000.0,189000,,,,,,,,,,
2026-04-13 20:27:34 UTC,216,b7f3c255-0896-4b47-8b32-4ee1cf262c5b,Germie,Bernard,PIT,WR,20a4f77b-eb41-48dc-a956-2a0f5d140b7d,6a879f99-1d91-49cb-96ad-e0711288f88c,,12,,The Little Board,bd240943-36bf-459c-9c89-7d70301a50ac,3.0,500000.0,189000,,,,,,,,,,
2026-04-01 18:52:54 UTC,119,85983b65-b7aa-4513-8e01-1b94d7867861,Matthew,Golden,GB,WR,213c3686-dad9-468e-89ee-53f83daa4074,3c162b72-8f43-48e2-8aa1-d1afa9d15f3e,,12,,The Little Board,bd240943-36bf-459c-9c89-7d70301a50ac,3.0,500000.0,189000,,,,,,,,,,
2026-04-08 19:28:48 UTC,153,05bfd392-b930-4ab8-b865-3200be7032ec,Denzel,Boston,CLE,WR,21217cf0-90ed-4b48-be8d-878adcc34176,732bbf6e-cfdc-4db3-b7ff-8d456fc099d1,,12,,The Little Board,bd240943-36bf-459c-9c89-7d70301a50ac,3.0,500000.0,189000,,,,,,,,,,
2026-03-25 23:06:43 UTC,202,6f9e6e76-0a18-420c-99c3-89b1ef220850,Ray,Davis,BUF,RB,a1486180-36ba-48c5-a2ef-c5d4c6a5a02a,13fa3e04-a7dc-413c-9839-eff7b137bd7b,,12,,The Little Board,bd240943-36bf-459c-9c89-7d70301a50ac,3.0,500000.0,189000,,,,,,,,,,
2026-03-30 12:52:17 UTC,48,776df2a6-bc3c-4f42-9f57-aedcfc7b7b89,TreVeyon,Henderson,NE,RB,20a4f77b-eb41-48dc-a956-2a0f5d140b7d,6a879f99-1d91-49cb-96ad-e0711288f88c,,12,,The Little Board,bd240943-36bf-459c-9c89-7d70301a50ac,3.0,500000.0,189000,,,,,,,,,,
2026-04-03 12:49:31 UTC,100,478e4a40-0dcd-4a43-b26b-6ad4cd315727,Quentin,Johnston,LAC,WR,20124d7d-2b66-4474-bef1-2ca31016095d,45ef4741-facf-455e-b8ea-2ab9bce03b65,,12,,The Little Board,bd240943-36bf-459c-9c89-7d70301a50ac,3.0,500000.0,189000,,,,,,,,,,
2026-03-31 21:47:09 UTC,88,d1284cb3-7f71-4d90-974d-ebbdcabdf985,Tucker,Kraft,GB,TE,1fe84841-d9c8-481a-9eb6-aef932f8a5f6,39145fa1-01a7-429d-8f8e-56d7722522c2,,12,,The Little Board,bd240943-36bf-459c-9c89-7d70301a50ac,3.0,500000.0,189000,,,,,,,,,,
2026-03-30 03:14:13 UTC,62,29cacb1d-6e97-46da-8fb2-96ddeeb47e4b,D'Andre,Swift,CHI,RB,2051326d-6ce1-4f70-8d1c-db2b368d5d74,875562bc-4eaa-46ff-a4dd-2bcc468c957b,,12,,The Little Board,bd240943-36bf-459c-9c89-7d70301a50ac,3.0,500000.0,189000,,,,,,,,,,
2026-04-01 10:39:56 UTC,62,da4cd799-901c-4092-afb1-ca44f9fe83e3,Cam,Skattebo,NYG,RB,2068bddd-60da-42a8-b905-a726bd31d95b,3dab5a42-48ee-471a-827e-b1f44ad4b42c,,12,,The Little Board,bd240943-36bf-459c-9c89-7d70301a50ac,3.0,500000.0,189000,,,,,,,,,,
2026-04-12 03:35:31 UTC,172,4e8b6a26-f015-4ac3-9614-43d47a520e45,Emanuel,Wilson,SEA,RB,2007f3d8-69f5-4c31-8585-9e1d7008a910,49aad976-89f8-4c71-860b-8e5c43ea9660,,12,,The Little Board,bd240943-36bf-459c-9c89-7d70301a50ac,3.0,500000.0,189000,,,,,,,,,,
2026-04-05 11:15:05 UTC,138,0080fd75-8cb4-47fb-bd0c-ebaddb217186,Kenyon,Sadiq,NYJ,TE,20cef8c6-5ad9-489e-a61d-d261dbccac8f,65a804c2-7338-4de7-93a4-e3abf70838a7,,12,,The Little Board,bd240943-36bf-459c-9c89-7d70301a50ac,3.0,500000.0,189000,,,,,,,,,,
2026-04-10 00:58:09 UTC,177,d19b1dcd-eec7-4301-96b7-881b2eb62b71,Isaac,TeSlaa,DET,WR,21217cf0-90ed-4b48-be8d-878adcc34176,732bbf6e-cfdc-4db3-b7ff-8d456fc099d1,,12,,The Little Board,bd240943-36bf-459c-9c89-7d70301a50ac,3.0,500000.0,189000,,,,,,,,,,
2026-03-31 05:12:01 UTC,69,a2c904b0-fa44-4ab3-9410-2a44676e63bd,DK,Metcalf,PIT,WR,20124d7d-2b66-4474-bef1-2ca31016095d,45ef4741-facf-455e-b8ea-2ab9bce03b65,,12,,The Little Board,bd240943-36bf-459c-9c89-7d70301a50ac,3.0,500000.0,189000,,,,,,,,,,
2026-03-28 14:53:26 UTC,50,883d04b7-c2c5-46c6-84da-964aae8343a5,Davante,Adams,LAR,WR,213c3686-dad9-468e-89ee-53f83daa4074,3c162b72-8f43-48e2-8aa1-d1afa9d15f3e,,12,,The Little Board,bd240943-36bf-459c-9c89-7d70301a50ac,3.0,500000.0,189000,,,,,,,,,,
2026-04-05 20:23:30 UTC,100,8db463f0-b707-4138-8478-12cf8cb837d0,Romeo,Doubs,NE,WR,2007f3d8-69f5-4c31-8585-9e1d7008a910,49aad976-89f8-4c71-860b-8e5c43ea9660,,12,,The Little Board,bd240943-36bf-459c-9c89-7d70301a50ac,3.0,500000.0,189000,,,,,,,,,,
2026-04-03 00:02:53 UTC,129,386c2f4c-5b7e-4244-af32-c9e80cc9c5cb,Jonah,Coleman,DEN,RB,1fe84841-d9c8-481a-9eb6-aef932f8a5f6,39145fa1-01a7-429d-8f8e-56d7722522c2,,12,,The Little Board,bd240943-36bf-459c-9c89-7d70301a50ac,3.0,500000.0,189000,,,,,,,,,,
2026-04-04 10:14:03 UTC,117,ec3cc726-3a53-4fd6-a970-d7ae37c4f669,Rachaad,White,WAS,RB,20124d7d-2b66-4474-bef1-2ca31016095d,45ef4741-facf-455e-b8ea-2ab9bce03b65,,12,,The Little Board,bd240943-36bf-459c-9c89-7d70301a50ac,3.0,500000.0,189000,,,,,,,,,,
2026-04-12 13:59:48 UTC,192,af9d15c0-f214-4bdd-9127-78092bf6ed93,Sean,Tucker,TB,RB,20a4f77b-eb41-48dc-a956-2a0f5d140b7d,6a879f99-1d91-49cb-96ad-e0711288f88c,,12,,The Little Board,bd240943-36bf-459c-9c89-7d70301a50ac,3.0,500000.0,189000,,,,,,,,,,
2026-04-03 20:32:39 UTC,117,0c3af97a-d800-4e73-aa0d-7eaa10d9aa91,Xavier,Worthy,KC,WR,20bb6f0d-c1dc-485e-ac14-97b2405d9a8d,87e93b27-876a-47da-bc1b-e0fb35338429,,12,,The Little Board,bd240943-36bf-459c-9c89-7d70301a50ac,3.0,500000.0,189000,,,,,,,,,,
2026-04-13 00:50:04 UTC,232,dd50cff2-b976-4a57-9c97-959792acc677,Kyle,Williams,NE,WR,21217cf0-90ed-4b48-be8d-878adcc34176,732bbf6e-cfdc-4db3-b7ff-8d456fc099d1,,12,,The Little Board,bd240943-36bf-459c-9c89-7d70301a50ac,3.0,500000.0,189000,,,,,,,,,,
2026-04-15 17:05:56 UTC,240,da3df14f-7e24-4905-82c8-b98bbd8a1f59,Michael,Penix,ATL,QB,20a4f77b-eb41-48dc-a956-2a0f5d140b7d,6a879f99-1d91-49cb-96ad-e0711288f88c,,12,,The Little Board,bd240943-36bf-459c-9c89-7d70301a50ac,3.0,500000.0,189000,,,,,,,,,,
2026-03-30 03:13:00 UTC,57,4337f182-41cc-480b-ac28-64fcc0d07895,Brian,Thomas,JAX,WR,1fe84841-d9c8-481a-9eb6-aef932f8a5f6,39145fa1-01a7-429d-8f8e-56d7722522c2,,12,,The Little Board,bd240943-36bf-459c-9c89-7d70301a50ac,3.0,500000.0,189000,,,,,,,,,,
2026-04-02 01:35:17 UTC,122,f577e1fc-191c-496b-af84-94fc654d121a,George,Kittle,SF,TE,21281346-d1bc-408c-a9e6-cda94ae81172,94614c4f-60f3-4b9a-b4e8-afa7619b9883,,12,,The Little Board,bd240943-36bf-459c-9c89-7d70301a50ac,3.0,500000.0,189000,,,,,,,,,,
2026-04-07 23:29:19 UTC,163,e8d0dc47-cb5e-49b3-a294-d6bdb56dfb54,Geno,Smith,NYJ,QB,1f984bfe-ae22-43ee-9973-336ebb5a41ec,9a8de796-13e1-4b99-b4e5-b91f6cea28b0,,12,,The Little Board,bd240943-36bf-459c-9c89-7d70301a50ac,3.0,500000.0,189000,,,,,,,,,,
2026-03-28 15:18:42 UTC,130,f3ef5105-c46a-438a-99cb-180989aed594,Jalen,McMillan,TB,WR,3d27f8d1-2bae-4cf4-85a8-defb799bf89d,10c75d97-23ec-4b13-bd9e-6071f454a291,,12,,The Big Board,20b6d363-f4e6-472a-be06-871d6b3e5a14,10.0,2000000.0,223200,,,,,,,,,,
2026-03-25 23:03:16 UTC,183,bd84d3c5-e480-434d-a474-37b6aa37195e,AJ,Barner,SEA,TE,a1486180-36ba-48c5-a2ef-c5d4c6a5a02a,13fa3e04-a7dc-413c-9839-eff7b137bd7b,,12,,The Little Board,bd240943-36bf-459c-9c89-7d70301a50ac,3.0,500000.0,189000,,,,,,,,,,
2026-04-11 10:24:52 UTC,201,ee7eb028-bf93-4c90-82ce-caa15cb46285,Aaron,Rodgers,PIT,QB,21217cf0-90ed-4b48-be8d-878adcc34176,732bbf6e-cfdc-4db3-b7ff-8d456fc099d1,,12,,The Little Board,bd240943-36bf-459c-9c89-7d70301a50ac,3.0,500000.0,189000,,,,,,,,,,
2026-03-28 17:45:33 UTC,42,c654b2ae-89e9-49f9-b3ed-0e84755449bc,Jameson,Williams,DET,WR,20cef8c6-5ad9-489e-a61d-d261dbccac8f,65a804c2-7338-4de7-93a4-e3abf70838a7,,12,,The Little Board,bd240943-36bf-459c-9c89-7d70301a50ac,3.0,500000.0,189000,,,,,,,,,,
2026-03-28 15:11:40 UTC,82,f3630521-c13b-45ff-9fd4-b22234d3d09d,Harold,Fannin,CLE,TE,3d27f8d1-2bae-4cf4-85a8-defb799bf89d,10c75d97-23ec-4b13-bd9e-6071f454a291,,12,,The Big Board,20b6d363-f4e6-472a-be06-871d6b3e5a14,10.0,2000000.0,223200,,,,,,,,,,
2026-04-11 00:50:43 UTC,237,0ef29b09-0865-46b0-b7a9-aadadac80139,Pat,Freiermuth,PIT,TE,20bb6f0d-c1dc-485e-ac14-97b2405d9a8d,87e93b27-876a-47da-bc1b-e0fb35338429,,12,,The Little Board,bd240943-36bf-459c-9c89-7d70301a50ac,3.0,500000.0,189000,,,,,,,,,,
2026-04-08 22:48:47 UTC,175,fb2574b2-93b4-4b51-9cf8-b9cc210f984e,T.J.,Hockenson,MIN,TE,20cef8c6-5ad9-489e-a61d-d261dbccac8f,65a804c2-7338-4de7-93a4-e3abf70838a7,,12,,The Little Board,bd240943-36bf-459c-9c89-7d70301a50ac,3.0,500000.0,189000,,,,,,,,,,
2026-04-02 10:46:27 UTC,93,679c05b5-1aa5-452d-853e-ec868e43e0f8,Kyle,Monangai,CHI,RB,20734e48-286f-4f6a-a660-ace0502aa6d6,2abcfd15-865e-49a3-8bd4-37da10549ba7,,12,,The Little Board,bd240943-36bf-459c-9c89-7d70301a50ac,3.0,500000.0,189000,,,,,,,,,,
2026-03-26 17:57:32 UTC,5,3d2608fd-ae3b-4d6d-9e8d-254e3c8604b1,Christian,McCaffrey,SF,RB,20a0799d-1d1a-4c7d-be58-45a72f9da5d9,19200e87-e9bf-445c-aa50-ea28e9ee0543,,12,,The Little Board,bd240943-36bf-459c-9c89-7d70301a50ac,3.0,500000.0,189000,,,,,,,,,,
2026-04-16 22:23:55 UTC,212,1a9a34d4-5672-4ca9-9f2b-866808a9c0c6,Kirk,Cousins,LV,QB,201605c6-0022-46c1-a278-588cc6e12a2b,ac1bcdd1-d024-43ec-8364-4c1818e530a4,,12,,The Little Board,bd240943-36bf-459c-9c89-7d70301a50ac,3.0,500000.0,189000,,,,,,,,,,
2026-04-01 12:20:12 UTC,76,144022e3-3547-4059-b5cf-b2a351b22307,Drake,Maye,NE,QB,20bb6f0d-c1dc-485e-ac14-97b2405d9a8d,87e93b27-876a-47da-bc1b-e0fb35338429,,12,,The Little Board,bd240943-36bf-459c-9c89-7d70301a50ac,3.0,500000.0,189000,,,,,,,,,,
2026-03-27 00:36:58 UTC,14,9c056ba5-502c-4584-85e2-e605ff46b47a,Saquon,Barkley,PHI,RB,2051326d-6ce1-4f70-8d1c-db2b368d5d74,875562bc-4eaa-46ff-a4dd-2bcc468c957b,,12,,The Little Board,bd240943-36bf-459c-9c89-7d70301a50ac,3.0,500000.0,189000,,,,,,,,,,
2026-04-01 13:32:54 UTC,73,6e6ce49b-45e4-4f05-84ef-7ae66c1668e8,Parker,Washington,JAX,WR,20a4f77b-eb41-48dc-a956-2a0f5d140b7d,6a879f99-1d91-49cb-96ad-e0711288f88c,,12,,The Little Board,bd240943-36bf-459c-9c89-7d70301a50ac,3.0,500000.0,189000,,,,,,,,,,
2026-03-29 02:24:57 UTC,45,c654b2ae-89e9-49f9-b3ed-0e84755449bc,Jameson,Williams,DET,WR,20124d7d-2b66-4474-bef1-2ca31016095d,45ef4741-facf-455e-b8ea-2ab9bce03b65,,12,,The Little Board,bd240943-36bf-459c-9c89-7d70301a50ac,3.0,500000.0,189000,,,,,,,,,,
2026-03-28 15:08:24 UTC,63,ea9c850d-105c-446b-b18d-f733550cb454,Jayden,Daniels,WAS,QB,3d27f8d1-2bae-4cf4-85a8-defb799bf89d,10c75d97-23ec-4b13-bd9e-6071f454a291,,12,,The Big Board,20b6d363-f4e6-472a-be06-871d6b3e5a14,10.0,2000000.0,223200,,,,,,,,,,
2026-03-25 22:32:34 UTC,14,9c056ba5-502c-4584-85e2-e605ff46b47a,Saquon,Barkley,PHI,RB,0060664a-38cc-4d94-b62c-3fa8d1fc737b,4c7f1e57-b971-4e2f-b2c7-4fde6a905d2f,,12,,The Little Board,bd240943-36bf-459c-9c89-7d70301a50ac,3.0,500000.0,189000,,,,,,,,,,
2026-04-10 17:19:18 UTC,121,ec3cc726-3a53-4fd6-a970-d7ae37c4f669,Rachaad,White,WAS,RB,20dad77f-7fe5-44d2-9b12-970998fae218,e0d63c39-93ca-436b-8cca-5eff7bbff4f2,,12,,The Little Board,bd240943-36bf-459c-9c89-7d70301a50ac,3.0,500000.0,189000,,,,,,,,,,
2026-04-03 18:58:41 UTC,105,f862802a-77a6-4ed7-b299-fd7dd82b5116,Jadarian,Price,SEA,RB,21217cf0-90ed-4b48-be8d-878adcc34176,732bbf6e-cfdc-4db3-b7ff-8d456fc099d1,,12,,The Little Board,bd240943-36bf-459c-9c89-7d70301a50ac,3.0,500000.0,189000,,,,,,,,,,
2026-04-08 00:47:24 UTC,172,de3a132b-38ff-4027-ac9b-07fdb60ea312,Calvin,Ridley,TEN,WR,20bb6f0d-c1dc-485e-ac14-97b2405d9a8d,87e93b27-876a-47da-bc1b-e0fb35338429,,12,,The Little Board,bd240943-36bf-459c-9c89-7d70301a50ac,3.0,500000.0,189000,,,,,,,,,,
2026-04-02 10:47:21 UTC,78,a2c904b0-fa44-4ab3-9410-2a44676e63bd,DK,Metcalf,PIT,WR,1f984bfe-ae22-43ee-9973-336ebb5a41ec,9a8de796-13e1-4b99-b4e5-b91f6cea28b0,,12,,The Little Board,bd240943-36bf-459c-9c89-7d70301a50ac,3.0,500000.0,189000,,,,,,,,,,
2026-04-03 20:32:50 UTC,76,ba0bdd0d-d7b7-4fd1-a64f-bd51f64dbdac,Jaylen,Warren,PIT,RB,2007f3d8-69f5-4c31-8585-9e1d7008a910,49aad976-89f8-4c71-860b-8e5c43ea9660,,12,,The Little Board,bd240943-36bf-459c-9c89-7d70301a50ac,3.0,500000.0,189000,,,,,,,,,,
2026-04-03 20:32:14 UTC,170,2382c558-7024-47ab-8330-d96bfc46eacf,Jalen,Nailor,LV,WR,213c3686-dad9-468e-89ee-53f83daa4074,3c162b72-8f43-48e2-8aa1-d1afa9d15f3e,,12,,The Little Board,bd240943-36bf-459c-9c89-7d70301a50ac,3.0,500000.0,189000,,,,,,,,,,
2026-04-01 21:41:30 UTC,98,de654ca0-571f-4ce8-9ed9-9a8f76d93ac8,Bo,Nix,DEN,QB,206002f7-974f-413c-8ee2-9d558e7ce3d8,18e62d2c-0e2d-4e9d-9153-623b6ec5b9f5,,12,,The Little Board,bd240943-36bf-459c-9c89-7d70301a50ac,3.0,500000.0,189000,,,,,,,,,,
2026-04-03 01:40:24 UTC,136,b3e7f620-142a-4a90-a0d4-564b9536ae3d,C.J.,Stroud,HOU,QB,1fe84841-d9c8-481a-9eb6-aef932f8a5f6,39145fa1-01a7-429d-8f8e-56d7722522c2,,12,,The Little Board,bd240943-36bf-459c-9c89-7d70301a50ac,3.0,500000.0,189000,,,,,,,,,,
2026-04-03 10:14:16 UTC,143,ff50f9d3-ba34-4600-b2fc-e3442956121a,Zach,Charbonnet,SEA,RB,21281346-d1bc-408c-a9e6-cda94ae81172,94614c4f-60f3-4b9a-b4e8-afa7619b9883,,12,,The Little Board,bd240943-36bf-459c-9c89-7d70301a50ac,3.0,500000.0,189000,,,,,,,,,,
2026-04-14 23:19:49 UTC,227,1a9a34d4-5672-4ca9-9f2b-866808a9c0c6,Kirk,Cousins,LV,QB,2105e2d7-b349-4857-b472-cc91172bfa2c,4a98220f-4599-4931-b5f7-4d3a77605815,,12,,The Little Board,bd240943-36bf-459c-9c89-7d70301a50ac,3.0,500000.0,189000,,,,,,,,,,
2026-04-05 00:49:50 UTC,170,2382c558-7024-47ab-8330-d96bfc46eacf,Jalen,Nailor,LV,WR,21281346-d1bc-408c-a9e6-cda94ae81172,94614c4f-60f3-4b9a-b4e8-afa7619b9883,,12,,The Little Board,bd240943-36bf-459c-9c89-7d70301a50ac,3.0,500000.0,189000,,,,,,,,,,
2026-03-28 14:00:21 UTC,47,3550b734-6e05-437a-94a4-0c4fa7a211cc,Mike,Evans,SF,WR,213c3686-dad9-468e-89ee-53f83daa4074,3c162b72-8f43-48e2-8aa1-d1afa9d15f3e,,12,,The Little Board,bd240943-36bf-459c-9c89-7d70301a50ac,3.0,500000.0,189000,,,,,,,,,,
2026-03-30 12:06:35 UTC,74,2b0c8b6a-44fc-49b0-8db9-d63bac8b142b,Jalen,Hurts,PHI,QB,21281346-d1bc-408c-a9e6-cda94ae81172,94614c4f-60f3-4b9a-b4e8-afa7619b9883,,12,,The Little Board,bd240943-36bf-459c-9c89-7d70301a50ac,3.0,500000.0,189000,,,,,,,,,,
2026-04-06 17:43:41 UTC,151,409e3446-57c7-41eb-bc63-9922930f6408,Travis,Hunter,JAX,WR,20cef8c6-5ad9-489e-a61d-d261dbccac8f,65a804c2-7338-4de7-93a4-e3abf70838a7,,12,,The Little Board,bd240943-36bf-459c-9c89-7d70301a50ac,3.0,500000.0,189000,,,,,,,,,,
2026-03-26 20:14:03 UTC,4,4ddd8cfb-b50e-4272-bb28-5eab5f1c926a,Puka,Nacua,LAR,WR,20124d7d-2b66-4474-bef1-2ca31016095d,45ef4741-facf-455e-b8ea-2ab9bce03b65,,12,,The Little Board,bd240943-36bf-459c-9c89-7d70301a50ac,3.0,500000.0,189000,,,,,,,,,,
2026-04-06 17:18:07 UTC,121,4b164dc3-27c3-47d3-8013-a529aada045a,Dalton,Kincaid,BUF,TE,20a4f77b-eb41-48dc-a956-2a0f5d140b7d,6a879f99-1d91-49cb-96ad-e0711288f88c,,12,,The Little Board,bd240943-36bf-459c-9c89-7d70301a50ac,3.0,500000.0,189000,,,,,,,,,,
2026-04-12 17:46:19 UTC,179,176b92ff-5350-4e79-b289-665c0d7cba12,Brian,Robinson,ATL,RB,2105e2d7-b349-4857-b472-cc91172bfa2c,4a98220f-4599-4931-b5f7-4d3a77605815,,12,,The Little Board,bd240943-36bf-459c-9c89-7d70301a50ac,3.0,500000.0,189000,,,,,,,,,,
2026-04-11 05:23:47 UTC,158,b4666b55-231e-4d43-9da1-bbf9a8ee45c8,Rashid,Shaheed,SEA,WR,2105e2d7-b349-4857-b472-cc91172bfa2c,4a98220f-4599-4931-b5f7-4d3a77605815,,12,,The Little Board,bd240943-36bf-459c-9c89-7d70301a50ac,3.0,500000.0,189000,,,,,,,,,,
2026-04-11 16:50:56 UTC,165,f5f69e96-5d07-4d9c-afa8-5a919255bc23,Chig,Okonkwo,WAS,TE,2007f3d8-69f5-4c31-8585-9e1d7008a910,49aad976-89f8-4c71-860b-8e5c43ea9660,,12,,The Little Board,bd240943-36bf-459c-9c89-7d70301a50ac,3.0,500000.0,189000,,,,,,,,,,
2026-04-09 16:08:24 UTC,218,0b9c1118-7fc7-40c6-acbf-fa868c438eda,Tory,Horton,SEA,WR,206002f7-974f-413c-8ee2-9d558e7ce3d8,18e62d2c-0e2d-4e9d-9153-623b6ec5b9f5,,12,,The Little Board,bd240943-36bf-459c-9c89-7d70301a50ac,3.0,500000.0,189000,,,,,,,,,,
2026-04-07 21:14:42 UTC,155,74495a7e-40fd-4779-8599-af4dd40ec864,Brenton,Strange,JAX,TE,2051326d-6ce1-4f70-8d1c-db2b368d5d74,875562bc-4eaa-46ff-a4dd-2bcc468c957b,,12,,The Little Board,bd240943-36bf-459c-9c89-7d70301a50ac,3.0,500000.0,189000,,,,,,,,,,
2026-04-09 23:10:20 UTC,213,03d512e1-4b72-4de1-8285-4350f37c9f63,Tua,Tagovailoa,ATL,QB,20bb6f0d-c1dc-485e-ac14-97b2405d9a8d,87e93b27-876a-47da-bc1b-e0fb35338429,,12,,The Little Board,bd240943-36bf-459c-9c89-7d70301a50ac,3.0,500000.0,189000,,,,,,,,,,
2026-04-13 00:08:14 UTC,220,7713af8a-2a78-48f4-82f8-388d0c51c47c,Colby,Parkinson,LAR,TE,20124d7d-2b66-4474-bef1-2ca31016095d,45ef4741-facf-455e-b8ea-2ab9bce03b65,,12,,The Little Board,bd240943-36bf-459c-9c89-7d70301a50ac,3.0,500000.0,189000,,,,,,,,,,
2026-03-25 23:11:19 UTC,206,9b21104d-a923-480e-a63e-1255457ce242,Cade,Otton,TB,TE,0060664a-38cc-4d94-b62c-3fa8d1fc737b,4c7f1e57-b971-4e2f-b2c7-4fde6a905d2f,,12,,The Little Board,bd240943-36bf-459c-9c89-7d70301a50ac,3.0,500000.0,189000,,,,,,,,,,
2026-03-26 15:16:10 UTC,7,3d2608fd-ae3b-4d6d-9e8d-254e3c8604b1,Christian,McCaffrey,SF,RB,20cef8c6-5ad9-489e-a61d-d261dbccac8f,65a804c2-7338-4de7-93a4-e3abf70838a7,,12,,The Little Board,bd240943-36bf-459c-9c89-7d70301a50ac,3.0,500000.0,189000,,,,,,,,,,
2026-03-25 22:59:29 UTC,159,6a95df23-02e5-4638-b3b8-58b8b095c3d3,Hunter,Henry,NE,TE,a1486180-36ba-48c5-a2ef-c5d4c6a5a02a,13fa3e04-a7dc-413c-9839-eff7b137bd7b,,12,,The Little Board,bd240943-36bf-459c-9c89-7d70301a50ac,3.0,500000.0,189000,,,,,,,,,,
2026-03-27 15:22:33 UTC,21,d081b2f7-180c-49a4-bf3e-4968e14d68c0,George,Pickens,DAL,WR,20734e48-286f-4f6a-a660-ace0502aa6d6,2abcfd15-865e-49a3-8bd4-37da10549ba7,,12,,The Little Board,bd240943-36bf-459c-9c89-7d70301a50ac,3.0,500000.0,189000,,,,,,,,,,
2026-03-25 22:40:20 UTC,39,9a699b6c-b060-4d9c-b8d0-b5c0b3f054c6,Emeka,Egbuka,TB,WR,a1486180-36ba-48c5-a2ef-c5d4c6a5a02a,13fa3e04-a7dc-413c-9839-eff7b137bd7b,,12,,The Little Board,bd240943-36bf-459c-9c89-7d70301a50ac,3.0,500000.0,189000,,,,,,,,,,
2026-04-08 22:13:50 UTC,125,4f2c8803-164f-49bf-942d-ee6fc30c45da,Malik,Willis,MIA,QB,201605c6-0022-46c1-a278-588cc6e12a2b,ac1bcdd1-d024-43ec-8364-4c1818e530a4,,12,,The Little Board,bd240943-36bf-459c-9c89-7d70301a50ac,3.0,500000.0,189000,,,,,,,,,,
2026-04-13 23:10:37 UTC,203,7f365916-f19e-40b0-b559-17efb21cb048,Tyjae,Spears,TEN,RB,2105e2d7-b349-4857-b472-cc91172bfa2c,4a98220f-4599-4931-b5f7-4d3a77605815,,12,,The Little Board,bd240943-36bf-459c-9c89-7d70301a50ac,3.0,500000.0,189000,,,,,,,,,,
2026-04-10 22:31:00 UTC,196,60a15568-9b17-4917-8b41-86df4363cf5f,Christian,Kirk,SF,WR,20734e48-286f-4f6a-a660-ace0502aa6d6,2abcfd15-865e-49a3-8bd4-37da10549ba7,,12,,The Little Board,bd240943-36bf-459c-9c89-7d70301a50ac,3.0,500000.0,189000,,,,,,,,,,
2026-04-12 22:59:58 UTC,189,64d033c2-2401-4f22-8244-a19610338546,Nicholas,Singleton,TEN,RB,2007f3d8-69f5-4c31-8585-9e1d7008a910,49aad976-89f8-4c71-860b-8e5c43ea9660,,12,,The Little Board,bd240943-36bf-459c-9c89-7d70301a50ac,3.0,500000.0,189000,,,,,,,,,,
2026-03-29 02:24:24 UTC,28,a79dba5d-c547-4640-a5c8-4aef963b18e4,Travis,Etienne Jr.,NO,RB,20bb6f0d-c1dc-485e-ac14-97b2405d9a8d,87e93b27-876a-47da-bc1b-e0fb35338429,,12,,The Little Board,bd240943-36bf-459c-9c89-7d70301a50ac,3.0,500000.0,189000,,,,,,,,,,
2026-04-12 17:46:48 UTC,213,5efbae7f-4fd9-45f3-b374-e7dbabd26412,Najee,Harris,NYG,RB,20734e48-286f-4f6a-a660-ace0502aa6d6,2abcfd15-865e-49a3-8bd4-37da10549ba7,,12,,The Little Board,bd240943-36bf-459c-9c89-7d70301a50ac,3.0,500000.0,189000,,,,,,,,,,
2026-04-07 18:11:35 UTC,173,de3a132b-38ff-4027-ac9b-07fdb60ea312,Calvin,Ridley,TEN,WR,20a0799d-1d1a-4c7d-be58-45a72f9da5d9,19200e87-e9bf-445c-aa50-ea28e9ee0543,,12,,The Little Board,bd240943-36bf-459c-9c89-7d70301a50ac,3.0,500000.0,189000,,,,,,,,,,
2026-03-30 03:12:29 UTC,74,d5c15f83-be4d-4023-9c2b-d71fdcea928b,Chuba,Hubbard,CAR,RB,213c3686-dad9-468e-89ee-53f83daa4074,3c162b72-8f43-48e2-8aa1-d1afa9d15f3e,,12,,The Little Board,bd240943-36bf-459c-9c89-7d70301a50ac,3.0,500000.0,189000,,,,,,,,,,
2026-03-29 13:30:55 UTC,52,e0d405cf-c879-4d4e-bad3-29d42c1e2287,Terry,McLaurin,WAS,WR,20124d7d-2b66-4474-bef1-2ca31016095d,45ef4741-facf-455e-b8ea-2ab9bce03b65,,12,,The Little Board,bd240943-36bf-459c-9c89-7d70301a50ac,3.0,500000.0,189000,,,,,,,,,,
2026-04-08 22:13:39 UTC,188,bd84d3c5-e480-434d-a474-37b6aa37195e,AJ,Barner,SEA,TE,20a0799d-1d1a-4c7d-be58-45a72f9da5d9,19200e87-e9bf-445c-aa50-ea28e9ee0543,,12,,The Little Board,bd240943-36bf-459c-9c89-7d70301a50ac,3.0,500000.0,189000,,,,,,,,,,
2026-04-17 22:24:47 UTC,236,f664cfe3-c377-4cc9-89b4-8cc2938ea033,Ollie,Gordon,MIA,RB,201605c6-0022-46c1-a278-588cc6e12a2b,ac1bcdd1-d024-43ec-8364-4c1818e530a4,,12,,The Little Board,bd240943-36bf-459c-9c89-7d70301a50ac,3.0,500000.0,189000,,,,,,,,,,
2026-04-06 17:17:40 UTC,120,a586d9bf-05b3-4f40-a43a-9c03e3994050,Jordan,Mason,MIN,RB,20a4f77b-eb41-48dc-a956-2a0f5d140b7d,6a879f99-1d91-49cb-96ad-e0711288f88c,,12,,The Little Board,bd240943-36bf-459c-9c89-7d70301a50ac,3.0,500000.0,189000,,,,,,,,,,
2026-04-11 00:49:46 UTC,239,92a00945-c13a-4fcd-bced-a5873f5f4b23,Justice,Hill,BAL,RB,206002f7-974f-413c-8ee2-9d558e7ce3d8,18e62d2c-0e2d-4e9d-9153-623b6ec5b9f5,,12,,The Little Board,bd240943-36bf-459c-9c89-7d70301a50ac,3.0,500000.0,189000,,,,,,,,,,
2026-04-11 00:50:27 UTC,230,7be5aa07-458c-4718-891e-de1729d9c937,Mike,Gesicki,CIN,TE,2068bddd-60da-42a8-b905-a726bd31d95b,3dab5a42-48ee-471a-827e-b1f44ad4b42c,,12,,The Little Board,bd240943-36bf-459c-9c89-7d70301a50ac,3.0,500000.0,189000,,,,,,,,,,
2026-03-31 21:47:45 UTC,49,6f0a1ed6-9942-41f4-94aa-3067c110d0e2,Lamar,Jackson,BAL,QB,20dad77f-7fe5-44d2-9b12-970998fae218,e0d63c39-93ca-436b-8cca-5eff7bbff4f2,,12,,The Little Board,bd240943-36bf-459c-9c89-7d70301a50ac,3.0,500000.0,189000,,,,,,,,,,
2026-04-09 10:17:46 UTC,197,8d11340a-42d3-42ee-aed4-4eba9d446760,Tank,Bigsby,PHI,RB,20a0799d-1d1a-4c7d-be58-45a72f9da5d9,19200e87-e9bf-445c-aa50-ea28e9ee0543,,12,,The Little Board,bd240943-36bf-459c-9c89-7d70301a50ac,3.0,500000.0,189000,,,,,,,,,,
2026-04-03 18:59:01 UTC,122,a586d9bf-05b3-4f40-a43a-9c03e3994050,Jordan,Mason,MIN,RB,206002f7-974f-413c-8ee2-9d558e7ce3d8,18e62d2c-0e2d-4e9d-9153-623b6ec5b9f5,,12,,The Little Board,bd240943-36bf-459c-9c89-7d70301a50ac,3.0,500000.0,189000,,,,,,,,,,
2026-04-10 11:58:02 UTC,220,835f3c26-addd-4822-a694-8752d2eeb121,Trey,Benson,ARI,RB,20bb6f0d-c1dc-485e-ac14-97b2405d9a8d,87e93b27-876a-47da-bc1b-e0fb35338429,,12,,The Little Board,bd240943-36bf-459c-9c89-7d70301a50ac,3.0,500000.0,189000,,,,,,,,,,
2026-04-01 12:21:14 UTC,76,144022e3-3547-4059-b5cf-b2a351b22307,Drake,Maye,NE,QB,20124d7d-2b66-4474-bef1-2ca31016095d,45ef4741-facf-455e-b8ea-2ab9bce03b65,,12,,The Little Board,bd240943-36bf-459c-9c89-7d70301a50ac,3.0,500000.0,189000,,,,,,,,,,
2026-04-16 19:32:42 UTC,237,f367bc00-12bb-4b39-bb7b-c23266d8fbad,Darnell,Washington,PIT,TE,2007f3d8-69f5-4c31-8585-9e1d7008a910,49aad976-89f8-4c71-860b-8e5c43ea9660,,12,,The Little Board,bd240943-36bf-459c-9c89-7d70301a50ac,3.0,500000.0,189000,,,,,,,,,,
2026-04-07 23:29:34 UTC,182,8d11340a-42d3-42ee-aed4-4eba9d446760,Tank,Bigsby,PHI,RB,2068bddd-60da-42a8-b905-a726bd31d95b,3dab5a42-48ee-471a-827e-b1f44ad4b42c,,12,,The Little Board,bd240943-36bf-459c-9c89-7d70301a50ac,3.0,500000.0,189000,,,,,,,,,,
2026-03-26 20:13:08 UTC,4,93457447-77e6-4549-9b82-e31a83dbafef,Ja'Marr,Chase,CIN,WR,20bb6f0d-c1dc-485e-ac14-97b2405d9a8d,87e93b27-876a-47da-bc1b-e0fb35338429,,12,,The Little Board,bd240943-36bf-459c-9c89-7d70301a50ac,3.0,500000.0,189000,,,,,,,,,,
2026-04-01 10:59:00 UTC,68,afb04f45-45eb-4105-846b-2c0067fc25af,Marvin,Harrison,ARI,WR,20a0799d-1d1a-4c7d-be58-45a72f9da5d9,19200e87-e9bf-445c-aa50-ea28e9ee0543,,12,,The Little Board,bd240943-36bf-459c-9c89-7d70301a50ac,3.0,500000.0,189000,,,,,,,,,,
2026-03-28 02:17:02 UTC,35,73be3f6c-913e-4764-ad06-d67b5a277539,Tee,Higgins,CIN,WR,2051326d-6ce1-4f70-8d1c-db2b368d5d74,875562bc-4eaa-46ff-a4dd-2bcc468c957b,,12,,The Little Board,bd240943-36bf-459c-9c89-7d70301a50ac,3.0,500000.0,189000,,,,,,,,,,
2026-04-05 20:24:36 UTC,215,0b9c1118-7fc7-40c6-acbf-fa868c438eda,Tory,Horton,SEA,WR,213c3686-dad9-468e-89ee-53f83daa4074,3c162b72-8f43-48e2-8aa1-d1afa9d15f3e,,12,,The Little Board,bd240943-36bf-459c-9c89-7d70301a50ac,3.0,500000.0,189000,,,,,,,,,,
2026-03-26 17:56:36 UTC,6,3d2608fd-ae3b-4d6d-9e8d-254e3c8604b1,Christian,McCaffrey,SF,RB,1f984bfe-ae22-43ee-9973-336ebb5a41ec,9a8de796-13e1-4b99-b4e5-b91f6cea28b0,,12,,The Little Board,bd240943-36bf-459c-9c89-7d70301a50ac,3.0,500000.0,189000,,,,,,,,,,
2026-04-05 11:17:14 UTC,143,b3e7f620-142a-4a90-a0d4-564b9536ae3d,C.J.,Stroud,HOU,QB,206002f7-974f-413c-8ee2-9d558e7ce3d8,18e62d2c-0e2d-4e9d-9153-623b6ec5b9f5,,12,,The Little Board,bd240943-36bf-459c-9c89-7d70301a50ac,3.0,500000.0,189000,,,,,,,,,,
2026-03-27 16:54:14 UTC,19,304e1943-e0ce-405e-ac05-1cc99c255fdb,Kenneth,Walker III,KC,RB,1f984bfe-ae22-43ee-9973-336ebb5a41ec,9a8de796-13e1-4b99-b4e5-b91f6cea28b0,,12,,The Little Board,bd240943-36bf-459c-9c89-7d70301a50ac,3.0,500000.0,189000,,,,,,,,,,
2026-04-12 17:45:56 UTC,145,cc800aec-c493-47cc-a0b5-cd25943b723d,Jacory,Croskey-Merritt,WAS,RB,20dad77f-7fe5-44d2-9b12-970998fae218,e0d63c39-93ca-436b-8cca-5eff7bbff4f2,,12,,The Little Board,bd240943-36bf-459c-9c89-7d70301a50ac,3.0,500000.0,189000,,,,,,,,,,
2026-04-02 01:35:34 UTC,93,493029ea-6559-4da5-b912-89b4bc5a0fa0,Rico,Dowdle,PIT,RB,20bb6f0d-c1dc-485e-ac14-97b2405d9a8d,87e93b27-876a-47da-bc1b-e0fb35338429,,12,,The Little Board,bd240943-36bf-459c-9c89-7d70301a50ac,3.0,500000.0,189000,,,,,,,,,,
2026-04-04 15:39:36 UTC,127,4f2c8803-164f-49bf-942d-ee6fc30c45da,Malik,Willis,MIA,QB,20cef8c6-5ad9-489e-a61d-d261dbccac8f,65a804c2-7338-4de7-93a4-e3abf70838a7,,12,,The Little Board,bd240943-36bf-459c-9c89-7d70301a50ac,3.0,500000.0,189000,,,,,,,,,,
2026-04-05 11:15:59 UTC,140,0e759258-47eb-4ded-af7f-6ffce9ab2ad8,Cam,Ward,TEN,QB,20a0799d-1d1a-4c7d-be58-45a72f9da5d9,19200e87-e9bf-445c-aa50-ea28e9ee0543,,12,,The Little Board,bd240943-36bf-459c-9c89-7d70301a50ac,3.0,500000.0,189000,,,,,,,,,,
2026-04-07 23:13:58 UTC,158,99baa615-4231-4b4a-9997-53f27877f694,Juwan,Johnson,NO,TE,2051326d-6ce1-4f70-8d1c-db2b368d5d74,875562bc-4eaa-46ff-a4dd-2bcc468c957b,,12,,The Little Board,bd240943-36bf-459c-9c89-7d70301a50ac,3.0,500000.0,189000,,,,,,,,,,
2026-04-10 14:47:50 UTC,189,ee7eb028-bf93-4c90-82ce-caa15cb46285,Aaron,Rodgers,PIT,QB,20734e48-286f-4f6a-a660-ace0502aa6d6,2abcfd15-865e-49a3-8bd4-37da10549ba7,,12,,The Little Board,bd240943-36bf-459c-9c89-7d70301a50ac,3.0,500000.0,189000,,,,,,,,,,
2026-04-06 20:44:30 UTC,139,a66ec7fc-58bb-4cd1-9f45-bf10c950ff11,Travis,Kelce,KC,TE,1f984bfe-ae22-43ee-9973-336ebb5a41ec,9a8de796-13e1-4b99-b4e5-b91f6cea28b0,,12,,The Little Board,bd240943-36bf-459c-9c89-7d70301a50ac,3.0,500000.0,189000,,,,,,,,,,
2026-03-30 01:14:46 UTC,55,5ff0e40f-9de2-4c4a-87e4-3c68f5472a27,Rome,Odunze,CHI,WR,20cef8c6-5ad9-489e-a61d-d261dbccac8f,65a804c2-7338-4de7-93a4-e3abf70838a7,,12,,The Little Board,bd240943-36bf-459c-9c89-7d70301a50ac,3.0,500000.0,189000,,,,,,,,,,
2026-03-25 22:44:07 UTC,63,afb04f45-45eb-4105-846b-2c0067fc25af,Marvin,Harrison,ARI,WR,a1486180-36ba-48c5-a2ef-c5d4c6a5a02a,13fa3e04-a7dc-413c-9839-eff7b137bd7b,,12,,The Little Board,bd240943-36bf-459c-9c89-7d70301a50ac,3.0,500000.0,189000,,,,,,,,,,
2026-04-10 13:05:04 UTC,184,176b92ff-5350-4e79-b289-665c0d7cba12,Brian,Robinson,ATL,RB,21217cf0-90ed-4b48-be8d-878adcc34176,732bbf6e-cfdc-4db3-b7ff-8d456fc099d1,,12,,The Little Board,bd240943-36bf-459c-9c89-7d70301a50ac,3.0,500000.0,189000,,,,,,,,,,
2026-04-03 00:18:02 UTC,103,61b3a8ad-4ed1-4703-9727-243a27024147,Blake,Corum,LAR,RB,20cef8c6-5ad9-489e-a61d-d261dbccac8f,65a804c2-7338-4de7-93a4-e3abf70838a7,,12,,The Little Board,bd240943-36bf-459c-9c89-7d70301a50ac,3.0,500000.0,189000,,,,,,,,,,
2026-04-04 21:30:59 UTC,73,6e6ce49b-45e4-4f05-84ef-7ae66c1668e8,Parker,Washington,JAX,WR,20dad77f-7fe5-44d2-9b12-970998fae218,e0d63c39-93ca-436b-8cca-5eff7bbff4f2,,12,,The Little Board,bd240943-36bf-459c-9c89-7d70301a50ac,3.0,500000.0,189000,,,,,,,,,,
2026-03-28 15:24:34 UTC,159,94840a01-90e6-400b-9566-29f14c0e3159,Fernando,Mendoza,LV,QB,3d27f8d1-2bae-4cf4-85a8-defb799bf89d,10c75d97-23ec-4b13-bd9e-6071f454a291,,12,,The Big Board,20b6d363-f4e6-472a-be06-871d6b3e5a14,10.0,2000000.0,223200,,,,,,,,,,
2026-04-10 01:02:08 UTC,186,926480b1-04f4-4476-8e7e-def8df249925,Kayshon,Boutte,HOU,WR,20cef8c6-5ad9-489e-a61d-d261dbccac8f,65a804c2-7338-4de7-93a4-e3abf70838a7,,12,,The Little Board,bd240943-36bf-459c-9c89-7d70301a50ac,3.0,500000.0,189000,,,,,,,,,,
2026-04-06 11:30:34 UTC,191,326bb735-d387-45b4-86bd-66066b01fd9d,Tre,Tucker,LV,WR,21281346-d1bc-408c-a9e6-cda94ae81172,94614c4f-60f3-4b9a-b4e8-afa7619b9883,,12,,The Little Board,bd240943-36bf-459c-9c89-7d70301a50ac,3.0,500000.0,189000,,,,,,,,,,
2026-04-08 23:36:36 UTC,196,19d34aa6-8b80-440b-8c69-4e7cf3c0705c,Mason,Taylor,NYJ,TE,20bb6f0d-c1dc-485e-ac14-97b2405d9a8d,87e93b27-876a-47da-bc1b-e0fb35338429,,12,,The Little Board,bd240943-36bf-459c-9c89-7d70301a50ac,3.0,500000.0,189000,,,,,,,,,,
2026-03-28 15:28:04 UTC,178,63e6cd88-ebad-4d92-9ca5-ac66bfdaf8a3,Tyreek,Hill,,WR,3d27f8d1-2bae-4cf4-85a8-defb799bf89d,10c75d97-23ec-4b13-bd9e-6071f454a291,,12,,The Big Board,20b6d363-f4e6-472a-be06-871d6b3e5a14,10.0,2000000.0,223200,,,,,,,,,,
2026-04-13 00:51:23 UTC,220,0ef29b09-0865-46b0-b7a9-aadadac80139,Pat,Freiermuth,PIT,TE,20734e48-286f-4f6a-a660-ace0502aa6d6,2abcfd15-865e-49a3-8bd4-37da10549ba7,,12,,The Little Board,bd240943-36bf-459c-9c89-7d70301a50ac,3.0,500000.0,189000,,,,,,,,,,
2026-03-25 22:50:16 UTC,107,e47bda15-7f48-4397-a807-ac670a9109b3,Oronde,Gadsden,LAC,TE,0060664a-38cc-4d94-b62c-3fa8d1fc737b,4c7f1e57-b971-4e2f-b2c7-4fde6a905d2f,,12,,The Little Board,bd240943-36bf-459c-9c89-7d70301a50ac,3.0,500000.0,189000,,,,,,,,,,
2026-03-30 02:30:31 UTC,52,da3b7413-c653-46d4-abae-1b539138525f,Colston,Loveland,CHI,TE,20734e48-286f-4f6a-a660-ace0502aa6d6,2abcfd15-865e-49a3-8bd4-37da10549ba7,,12,,The Little Board,bd240943-36bf-459c-9c89-7d70301a50ac,3.0,500000.0,189000,,,,,,,,,,
2026-04-02 03:09:04 UTC,88,86f1cc56-83b8-4011-b88b-0a9245e79865,Dak,Prescott,DAL,QB,21217cf0-90ed-4b48-be8d-878adcc34176,732bbf6e-cfdc-4db3-b7ff-8d456fc099d1,,12,,The Little Board,bd240943-36bf-459c-9c89-7d70301a50ac,3.0,500000.0,189000,,,,,,,,,,
2026-03-31 05:11:48 UTC,54,15646db4-d97a-4fd0-91e4-d1941c672a25,D.J.,Moore,BUF,WR,1f984bfe-ae22-43ee-9973-336ebb5a41ec,9a8de796-13e1-4b99-b4e5-b91f6cea28b0,,12,,The Little Board,bd240943-36bf-459c-9c89-7d70301a50ac,3.0,500000.0,189000,,,,,,,,,,
2026-03-25 23:10:17 UTC,203,23f721b9-f916-4ed4-8686-0822322a46b1,Terrance,Ferguson,LAR,TE,0060664a-38cc-4d94-b62c-3fa8d1fc737b,4c7f1e57-b971-4e2f-b2c7-4fde6a905d2f,,12,,The Little Board,bd240943-36bf-459c-9c89-7d70301a50ac,3.0,500000.0,189000,,,,,,,,,,
2026-03-28 02:18:48 UTC,38,9a699b6c-b060-4d9c-b8d0-b5c0b3f054c6,Emeka,Egbuka,TB,WR,2051326d-6ce1-4f70-8d1c-db2b368d5d74,875562bc-4eaa-46ff-a4dd-2bcc468c957b,,12,,The Little Board,bd240943-36bf-459c-9c89-7d70301a50ac,3.0,500000.0,189000,,,,,,,,,,
2026-04-04 21:30:53 UTC,72,4337f182-41cc-480b-ac28-64fcc0d07895,Brian,Thomas,JAX,WR,20dad77f-7fe5-44d2-9b12-970998fae218,e0d63c39-93ca-436b-8cca-5eff7bbff4f2,,12,,The Little Board,bd240943-36bf-459c-9c89-7d70301a50ac,3.0,500000.0,189000,,,,,,,,,,
2026-04-09 02:02:11 UTC,145,74495a7e-40fd-4779-8599-af4dd40ec864,Brenton,Strange,JAX,TE,20a4f77b-eb41-48dc-a956-2a0f5d140b7d,6a879f99-1d91-49cb-96ad-e0711288f88c,,12,,The Little Board,bd240943-36bf-459c-9c89-7d70301a50ac,3.0,500000.0,189000,,,,,,,,,,
2026-04-04 10:13:13 UTC,125,4f2c8803-164f-49bf-942d-ee6fc30c45da,Malik,Willis,MIA,QB,20a0799d-1d1a-4c7d-be58-45a72f9da5d9,19200e87-e9bf-445c-aa50-ea28e9ee0543,,12,,The Little Board,bd240943-36bf-459c-9c89-7d70301a50ac,3.0,500000.0,189000,,,,,,,,,,
2026-03-27 00:17:52 UTC,5,3d2608fd-ae3b-4d6d-9e8d-254e3c8604b1,Christian,McCaffrey,SF,RB,201605c6-0022-46c1-a278-588cc6e12a2b,ac1bcdd1-d024-43ec-8364-4c1818e530a4,,12,,The Little Board,bd240943-36bf-459c-9c89-7d70301a50ac,3.0,500000.0,189000,,,,,,,,,,
2026-04-07 01:35:44 UTC,150,ff50f9d3-ba34-4600-b2fc-e3442956121a,Zach,Charbonnet,SEA,RB,1f984bfe-ae22-43ee-9973-336ebb5a41ec,9a8de796-13e1-4b99-b4e5-b91f6cea28b0,,12,,The Little Board,bd240943-36bf-459c-9c89-7d70301a50ac,3.0,500000.0,189000,,,,,,,,,,
2026-03-25 22:37:38 UTC,38,9a699b6c-b060-4d9c-b8d0-b5c0b3f054c6,Emeka,Egbuka,TB,WR,0060664a-38cc-4d94-b62c-3fa8d1fc737b,4c7f1e57-b971-4e2f-b2c7-4fde6a905d2f,,12,,The Little Board,bd240943-36bf-459c-9c89-7d70301a50ac,3.0,500000.0,189000,,,,,,,,,,
2026-03-30 12:09:06 UTC,38,4341a6d5-b166-4357-aa45-51540a3d9a93,Javonte,Williams,DAL,RB,2068bddd-60da-42a8-b905-a726bd31d95b,3dab5a42-48ee-471a-827e-b1f44ad4b42c,,12,,The Little Board,bd240943-36bf-459c-9c89-7d70301a50ac,3.0,500000.0,189000,,,,,,,,,,
2026-04-04 00:54:03 UTC,116,ec3cc726-3a53-4fd6-a970-d7ae37c4f669,Rachaad,White,WAS,RB,20a0799d-1d1a-4c7d-be58-45a72f9da5d9,19200e87-e9bf-445c-aa50-ea28e9ee0543,,12,,The Little Board,bd240943-36bf-459c-9c89-7d70301a50ac,3.0,500000.0,189000,,,,,,,,,,
2026-03-27 22:55:03 UTC,29,73be3f6c-913e-4764-ad06-d67b5a277539,Tee,Higgins,CIN,WR,20a0799d-1d1a-4c7d-be58-45a72f9da5d9,19200e87-e9bf-445c-aa50-ea28e9ee0543,,12,,The Little Board,bd240943-36bf-459c-9c89-7d70301a50ac,3.0,500000.0,189000,,,,,,,,,,
2026-03-27 19:23:44 UTC,21,b7c774ea-6453-4fed-8770-0d8f95cff419,Derrick,Henry,BAL,RB,20bb6f0d-c1dc-485e-ac14-97b2405d9a8d,87e93b27-876a-47da-bc1b-e0fb35338429,,12,,The Little Board,bd240943-36bf-459c-9c89-7d70301a50ac,3.0,500000.0,189000,,,,,,,,,,
2026-04-14 01:08:13 UTC,206,ee7eb028-bf93-4c90-82ce-caa15cb46285,Aaron,Rodgers,PIT,QB,2105e2d7-b349-4857-b472-cc91172bfa2c,4a98220f-4599-4931-b5f7-4d3a77605815,,12,,The Little Board,bd240943-36bf-459c-9c89-7d70301a50ac,3.0,500000.0,189000,,,,,,,,,,
2026-04-04 10:11:11 UTC,112,dbe7b16f-647e-4e19-a15b-2c885cede6b3,Kenny,Gainwell,TB,RB,21217cf0-90ed-4b48-be8d-878adcc34176,732bbf6e-cfdc-4db3-b7ff-8d456fc099d1,,12,,The Little Board,bd240943-36bf-459c-9c89-7d70301a50ac,3.0,500000.0,189000,,,,,,,,,,
2026-04-09 14:41:42 UTC,134,f4586722-eee7-4bbc-aa76-88241282ac2f,Chris,Rodriguez,JAX,RB,2105e2d7-b349-4857-b472-cc91172bfa2c,4a98220f-4599-4931-b5f7-4d3a77605815,,12,,The Little Board,bd240943-36bf-459c-9c89-7d70301a50ac,3.0,500000.0,189000,,,,,,,,,,
2026-04-03 23:58:09 UTC,96,986b518f-b4c2-4484-ade1-08e4e646163b,J.K.,Dobbins,DEN,RB,20a4f77b-eb41-48dc-a956-2a0f5d140b7d,6a879f99-1d91-49cb-96ad-e0711288f88c,,12,,The Little Board,bd240943-36bf-459c-9c89-7d70301a50ac,3.0,500000.0,189000,,,,,,,,,,
2026-03-28 16:40:33 UTC,24,56ab84f4-dac6-4b52-bb6c-12936332254d,Nico,Collins,HOU,WR,20a4f77b-eb41-48dc-a956-2a0f5d140b7d,6a879f99-1d91-49cb-96ad-e0711288f88c,,12,,The Little Board,bd240943-36bf-459c-9c89-7d70301a50ac,3.0,500000.0,189000,,,,,,,,,,
2026-03-25 22:46:58 UTC,82,a2c904b0-fa44-4ab3-9410-2a44676e63bd,DK,Metcalf,PIT,WR,a1486180-36ba-48c5-a2ef-c5d4c6a5a02a,13fa3e04-a7dc-413c-9839-eff7b137bd7b,,12,,The Little Board,bd240943-36bf-459c-9c89-7d70301a50ac,3.0,500000.0,189000,,,,,,,,,,
2026-03-28 15:03:48 UTC,34,495d29ca-232c-40bf-92dc-d6372226354d,Rashee,Rice,KC,WR,3d27f8d1-2bae-4cf4-85a8-defb799bf89d,10c75d97-23ec-4b13-bd9e-6071f454a291,,12,,The Big Board,20b6d363-f4e6-472a-be06-871d6b3e5a14,10.0,2000000.0,223200,,,,,,,,,,
2026-03-30 03:14:54 UTC,28,73be3f6c-913e-4764-ad06-d67b5a277539,Tee,Higgins,CIN,WR,2007f3d8-69f5-4c31-8585-9e1d7008a910,49aad976-89f8-4c71-860b-8e5c43ea9660,,12,,The Little Board,bd240943-36bf-459c-9c89-7d70301a50ac,3.0,500000.0,189000,,,,,,,,,,
2026-03-27 19:23:12 UTC,11,bf1dcb04-74d5-4b96-a35d-17bb278191af,Justin,Jefferson,MIN,WR,2068bddd-60da-42a8-b905-a726bd31d95b,3dab5a42-48ee-471a-827e-b1f44ad4b42c,,12,,The Little Board,bd240943-36bf-459c-9c89-7d70301a50ac,3.0,500000.0,189000,,,,,,,,,,
2026-03-28 23:20:09 UTC,25,812b5ae1-3e06-44b2-b67b-a82a49575f0d,Chris,Olave,NO,WR,20dad77f-7fe5-44d2-9b12-970998fae218,e0d63c39-93ca-436b-8cca-5eff7bbff4f2,,12,,The Little Board,bd240943-36bf-459c-9c89-7d70301a50ac,3.0,500000.0,189000,,,,,,,,,,
2026-03-27 20:33:26 UTC,14,9c056ba5-502c-4584-85e2-e605ff46b47a,Saquon,Barkley,PHI,RB,2068bddd-60da-42a8-b905-a726bd31d95b,3dab5a42-48ee-471a-827e-b1f44ad4b42c,,12,,The Little Board,bd240943-36bf-459c-9c89-7d70301a50ac,3.0,500000.0,189000,,,,,,,,,,
2026-03-29 02:25:23 UTC,47,be1270d5-0970-47e5-ae48-9a3fc9266d02,Jaylen,Waddle,DEN,WR,206002f7-974f-413c-8ee2-9d558e7ce3d8,18e62d2c-0e2d-4e9d-9153-623b6ec5b9f5,,12,,The Little Board,bd240943-36bf-459c-9c89-7d70301a50ac,3.0,500000.0,189000,,,,,,,,,,
2026-03-31 02:39:26 UTC,71,afb04f45-45eb-4105-846b-2c0067fc25af,Marvin,Harrison,ARI,WR,206002f7-974f-413c-8ee2-9d558e7ce3d8,18e62d2c-0e2d-4e9d-9153-623b6ec5b9f5,,12,,The Little Board,bd240943-36bf-459c-9c89-7d70301a50ac,3.0,500000.0,189000,,,,,,,,,,
2026-03-27 17:47:57 UTC,16,9c056ba5-502c-4584-85e2-e605ff46b47a,Saquon,Barkley,PHI,RB,21217cf0-90ed-4b48-be8d-878adcc34176,732bbf6e-cfdc-4db3-b7ff-8d456fc099d1,,12,,The Little Board,bd240943-36bf-459c-9c89-7d70301a50ac,3.0,500000.0,189000,,,,,,,,,,
2026-04-04 00:54:28 UTC,117,dbe7b16f-647e-4e19-a15b-2c885cede6b3,Kenny,Gainwell,TB,RB,20734e48-286f-4f6a-a660-ace0502aa6d6,2abcfd15-865e-49a3-8bd4-37da10549ba7,,12,,The Little Board,bd240943-36bf-459c-9c89-7d70301a50ac,3.0,500000.0,189000,,,,,,,,,,
2026-04-06 16:21:18 UTC,155,409e3446-57c7-41eb-bc63-9922930f6408,Travis,Hunter,JAX,WR,2068bddd-60da-42a8-b905-a726bd31d95b,3dab5a42-48ee-471a-827e-b1f44ad4b42c,,12,,The Little Board,bd240943-36bf-459c-9c89-7d70301a50ac,3.0,500000.0,189000,,,,,,,,,,
2026-03-25 22:36:51 UTC,35,73be3f6c-913e-4764-ad06-d67b5a277539,Tee,Higgins,CIN,WR,0060664a-38cc-4d94-b62c-3fa8d1fc737b,4c7f1e57-b971-4e2f-b2c7-4fde6a905d2f,,12,,The Little Board,bd240943-36bf-459c-9c89-7d70301a50ac,3.0,500000.0,189000,,,,,,,,,,
2026-03-25 22:52:10 UTC,111,cda0431e-d6d2-426b-ab35-75dc958e20fe,Baker,Mayfield,TB,QB,a1486180-36ba-48c5-a2ef-c5d4c6a5a02a,13fa3e04-a7dc-413c-9839-eff7b137bd7b,,12,,The Little Board,bd240943-36bf-459c-9c89-7d70301a50ac,3.0,500000.0,189000,,,,,,,,,,
2026-03-28 15:15:05 UTC,106,0d9a17d9-6ff8-465e-a04b-24f81ab6a06a,Sam,LaPorta,DET,TE,3d27f8d1-2bae-4cf4-85a8-defb799bf89d,10c75d97-23ec-4b13-bd9e-6071f454a291,,12,,The Big Board,20b6d363-f4e6-472a-be06-871d6b3e5a14,10.0,2000000.0,223200,,,,,,,,,,
2026-04-15 17:53:08 UTC,197,7f365916-f19e-40b0-b559-17efb21cb048,Tyjae,Spears,TEN,RB,201605c6-0022-46c1-a278-588cc6e12a2b,ac1bcdd1-d024-43ec-8364-4c1818e530a4,,12,,The Little Board,bd240943-36bf-459c-9c89-7d70301a50ac,3.0,500000.0,189000,,,,,,,,,,
2026-04-05 23:42:02 UTC,126,85983b65-b7aa-4513-8e01-1b94d7867861,Matthew,Golden,GB,WR,1f984bfe-ae22-43ee-9973-336ebb5a41ec,9a8de796-13e1-4b99-b4e5-b91f6cea28b0,,12,,The Little Board,bd240943-36bf-459c-9c89-7d70301a50ac,3.0,500000.0,189000,,,,,,,,,,
2026-04-01 13:32:51 UTC,72,0ff52391-4651-425a-9e07-8caa26ef37f2,Jordyn,Tyson,NO,WR,20a4f77b-eb41-48dc-a956-2a0f5d140b7d,6a879f99-1d91-49cb-96ad-e0711288f88c,,12,,The Little Board,bd240943-36bf-459c-9c89-7d70301a50ac,3.0,500000.0,189000,,,,,,,,,,
2026-04-08 16:57:05 UTC,165,cd2ef29a-f0ec-4c35-8ff9-7008459c9ea2,Stefon,Diggs,WAS,WR,20734e48-286f-4f6a-a660-ace0502aa6d6,2abcfd15-865e-49a3-8bd4-37da10549ba7,,12,,The Little Board,bd240943-36bf-459c-9c89-7d70301a50ac,3.0,500000.0,189000,,,,,,,,,,
2026-03-28 11:48:25 UTC,50,5ff0e40f-9de2-4c4a-87e4-3c68f5472a27,Rome,Odunze,CHI,WR,21281346-d1bc-408c-a9e6-cda94ae81172,94614c4f-60f3-4b9a-b4e8-afa7619b9883,,12,,The Little Board,bd240943-36bf-459c-9c89-7d70301a50ac,3.0,500000.0,189000,,,,,,,,,,
2026-03-27 15:22:53 UTC,9,b4ef5d2e-dc01-4891-94bb-1014c7ad3ef5,Amon-Ra,St. Brown,DET,WR,21217cf0-90ed-4b48-be8d-878adcc34176,732bbf6e-cfdc-4db3-b7ff-8d456fc099d1,,12,,The Little Board,bd240943-36bf-459c-9c89-7d70301a50ac,3.0,500000.0,189000,,,,,,,,,,
2026-04-10 13:00:56 UTC,198,1d92b2b2-2506-435b-ad05-c656b09d8a8e,Gunnar,Helm,TEN,TE,1f984bfe-ae22-43ee-9973-336ebb5a41ec,9a8de796-13e1-4b99-b4e5-b91f6cea28b0,,12,,The Little Board,bd240943-36bf-459c-9c89-7d70301a50ac,3.0,500000.0,189000,,,,,,,,,,
2026-03-26 22:57:10 UTC,4,93457447-77e6-4549-9b82-e31a83dbafef,Ja'Marr,Chase,CIN,WR,2007f3d8-69f5-4c31-8585-9e1d7008a910,49aad976-89f8-4c71-860b-8e5c43ea9660,,12,,The Little Board,bd240943-36bf-459c-9c89-7d70301a50ac,3.0,500000.0,189000,,,,,,,,,,
2026-04-07 23:14:35 UTC,218,835f3c26-addd-4822-a694-8752d2eeb121,Trey,Benson,ARI,RB,21281346-d1bc-408c-a9e6-cda94ae81172,94614c4f-60f3-4b9a-b4e8-afa7619b9883,,12,,The Little Board,bd240943-36bf-459c-9c89-7d70301a50ac,3.0,500000.0,189000,,,,,,,,,,
2026-03-25 22:55:55 UTC,131,386c2f4c-5b7e-4244-af32-c9e80cc9c5cb,Jonah,Coleman,DEN,RB,0060664a-38cc-4d94-b62c-3fa8d1fc737b,4c7f1e57-b971-4e2f-b2c7-4fde6a905d2f,,12,,The Little Board,bd240943-36bf-459c-9c89-7d70301a50ac,3.0,500000.0,189000,,,,,,,,,,
2026-04-01 18:26:39 UTC,119,b8453ed0-6d82-4474-a108-128336891830,Jalen,Coker,CAR,WR,21281346-d1bc-408c-a9e6-cda94ae81172,94614c4f-60f3-4b9a-b4e8-afa7619b9883,,12,,The Little Board,bd240943-36bf-459c-9c89-7d70301a50ac,3.0,500000.0,189000,,,,,,,,,,
2026-03-30 00:36:17 UTC,59,067a8cdc-ed3a-4bd7-8a89-7ec44e819aaf,Christian,Watson,GB,WR,2051326d-6ce1-4f70-8d1c-db2b368d5d74,875562bc-4eaa-46ff-a4dd-2bcc468c957b,,12,,The Little Board,bd240943-36bf-459c-9c89-7d70301a50ac,3.0,500000.0,189000,,,,,,,,,,
2026-04-04 10:13:42 UTC,124,afcbc726-e23f-447b-977e-1460016a2a86,Khalil,Shakir,BUF,WR,20734e48-286f-4f6a-a660-ace0502aa6d6,2abcfd15-865e-49a3-8bd4-37da10549ba7,,12,,The Little Board,bd240943-36bf-459c-9c89-7d70301a50ac,3.0,500000.0,189000,,,,,,,,,,
2026-03-31 11:54:56 UTC,69,839ae7c3-b8bb-4049-94d0-abb4c41835fd,RJ,Harvey,DEN,RB,20734e48-286f-4f6a-a660-ace0502aa6d6,2abcfd15-865e-49a3-8bd4-37da10549ba7,,12,,The Little Board,bd240943-36bf-459c-9c89-7d70301a50ac,3.0,500000.0,189000,,,,,,,,,,
2026-04-02 10:46:55 UTC,83,86f1cc56-83b8-4011-b88b-0a9245e79865,Dak,Prescott,DAL,QB,2068bddd-60da-42a8-b905-a726bd31d95b,3dab5a42-48ee-471a-827e-b1f44ad4b42c,,12,,The Little Board,bd240943-36bf-459c-9c89-7d70301a50ac,3.0,500000.0,189000,,,,,,,,,,
2026-03-28 15:31:26 UTC,207,0b9c1118-7fc7-40c6-acbf-fa868c438eda,Tory,Horton,SEA,WR,3d27f8d1-2bae-4cf4-85a8-defb799bf89d,10c75d97-23ec-4b13-bd9e-6071f454a291,,12,,The Big Board,20b6d363-f4e6-472a-be06-871d6b3e5a14,10.0,2000000.0,223200,,,,,,,,,,
2026-04-17 18:47:20 UTC,216,23f721b9-f916-4ed4-8686-0822322a46b1,Terrance,Ferguson,LAR,TE,20dad77f-7fe5-44d2-9b12-970998fae218,e0d63c39-93ca-436b-8cca-5eff7bbff4f2,,12,,The Little Board,bd240943-36bf-459c-9c89-7d70301a50ac,3.0,500000.0,189000,,,,,,,,,,
2026-03-25 23:05:15 UTC,179,835f3c26-addd-4822-a694-8752d2eeb121,Trey,Benson,ARI,RB,0060664a-38cc-4d94-b62c-3fa8d1fc737b,4c7f1e57-b971-4e2f-b2c7-4fde6a905d2f,,12,,The Little Board,bd240943-36bf-459c-9c89-7d70301a50ac,3.0,500000.0,189000,,,,,,,,,,
2026-04-04 10:11:43 UTC,77,142fcc25-dca6-4ed8-b976-ef44d7a8051e,Alec,Pierce,IND,WR,201605c6-0022-46c1-a278-588cc6e12a2b,ac1bcdd1-d024-43ec-8364-4c1818e530a4,,12,,The Little Board,bd240943-36bf-459c-9c89-7d70301a50ac,3.0,500000.0,189000,,,,,,,,,,
2026-03-28 15:19:32 UTC,135,214b28a1-0af5-4f4f-b838-d3a67e8d6b65,Sam,Darnold,SEA,QB,3d27f8d1-2bae-4cf4-85a8-defb799bf89d,10c75d97-23ec-4b13-bd9e-6071f454a291,,12,,The Big Board,20b6d363-f4e6-472a-be06-871d6b3e5a14,10.0,2000000.0,223200,,,,,,,,,,
2026-03-25 23:15:41 UTC,230,b5bc3623-8eca-467d-a012-a9369658a7b8,Jaylen,Wright,MIA,RB,0060664a-38cc-4d94-b62c-3fa8d1fc737b,4c7f1e57-b971-4e2f-b2c7-4fde6a905d2f,,12,,The Little Board,bd240943-36bf-459c-9c89-7d70301a50ac,3.0,500000.0,189000,,,,,,,,,,
2026-04-07 22:23:50 UTC,116,a586d9bf-05b3-4f40-a43a-9c03e3994050,Jordan,Mason,MIN,RB,201605c6-0022-46c1-a278-588cc6e12a2b,ac1bcdd1-d024-43ec-8364-4c1818e530a4,,12,,The Little Board,bd240943-36bf-459c-9c89-7d70301a50ac,3.0,500000.0,189000,,,,,,,,,,
2026-04-09 14:42:30 UTC,179,60a15568-9b17-4917-8b41-86df4363cf5f,Christian,Kirk,SF,WR,2051326d-6ce1-4f70-8d1c-db2b368d5d74,875562bc-4eaa-46ff-a4dd-2bcc468c957b,,12,,The Little Board,bd240943-36bf-459c-9c89-7d70301a50ac,3.0,500000.0,189000,,,,,,,,,,
2026-04-05 17:26:26 UTC,131,4f2c8803-164f-49bf-942d-ee6fc30c45da,Malik,Willis,MIA,QB,2051326d-6ce1-4f70-8d1c-db2b368d5d74,875562bc-4eaa-46ff-a4dd-2bcc468c957b,,12,,The Little Board,bd240943-36bf-459c-9c89-7d70301a50ac,3.0,500000.0,189000,,,,,,,,,,
2026-03-29 11:44:33 UTC,45,c654b2ae-89e9-49f9-b3ed-0e84755449bc,Jameson,Williams,DET,WR,20734e48-286f-4f6a-a660-ace0502aa6d6,2abcfd15-865e-49a3-8bd4-37da10549ba7,,12,,The Little Board,bd240943-36bf-459c-9c89-7d70301a50ac,3.0,500000.0,189000,,,,,,,,,,
2026-04-01 20:32:42 UTC,95,679c05b5-1aa5-452d-853e-ec868e43e0f8,Kyle,Monangai,CHI,RB,206002f7-974f-413c-8ee2-9d558e7ce3d8,18e62d2c-0e2d-4e9d-9153-623b6ec5b9f5,,12,,The Little Board,bd240943-36bf-459c-9c89-7d70301a50ac,3.0,500000.0,189000,,,,,,,,,,
2026-03-28 02:14:17 UTC,47,59ae90e9-5932-417d-be7a-99338960e9f0,Quinshon,Judkins,CLE,RB,21281346-d1bc-408c-a9e6-cda94ae81172,94614c4f-60f3-4b9a-b4e8-afa7619b9883,,12,,The Little Board,bd240943-36bf-459c-9c89-7d70301a50ac,3.0,500000.0,189000,,,,,,,,,,
2026-04-04 21:30:29 UTC,191,8d11340a-42d3-42ee-aed4-4eba9d446760,Tank,Bigsby,PHI,RB,213c3686-dad9-468e-89ee-53f83daa4074,3c162b72-8f43-48e2-8aa1-d1afa9d15f3e,,12,,The Little Board,bd240943-36bf-459c-9c89-7d70301a50ac,3.0,500000.0,189000,,,,,,,,,,
2026-03-25 22:55:15 UTC,130,cc800aec-c493-47cc-a0b5-cd25943b723d,Jacory,Croskey-Merritt,WAS,RB,a1486180-36ba-48c5-a2ef-c5d4c6a5a02a,13fa3e04-a7dc-413c-9839-eff7b137bd7b,,12,,The Little Board,bd240943-36bf-459c-9c89-7d70301a50ac,3.0,500000.0,189000,,,,,,,,,,
2026-04-03 14:55:42 UTC,68,ed1c88f0-ae86-4b31-91d8-177b0aae730d,Tyler,Warren,IND,TE,201605c6-0022-46c1-a278-588cc6e12a2b,ac1bcdd1-d024-43ec-8364-4c1818e530a4,,12,,The Little Board,bd240943-36bf-459c-9c89-7d70301a50ac,3.0,500000.0,189000,,,,,,,,,,
2026-03-30 02:11:28 UTC,71,0ff52391-4651-425a-9e07-8caa26ef37f2,Jordyn,Tyson,NO,WR,213c3686-dad9-468e-89ee-53f83daa4074,3c162b72-8f43-48e2-8aa1-d1afa9d15f3e,,12,,The Little Board,bd240943-36bf-459c-9c89-7d70301a50ac,3.0,500000.0,189000,,,,,,,,,,
2026-04-09 14:42:08 UTC,215,6f9e6e76-0a18-420c-99c3-89b1ef220850,Ray,Davis,BUF,RB,206002f7-974f-413c-8ee2-9d558e7ce3d8,18e62d2c-0e2d-4e9d-9153-623b6ec5b9f5,,12,,The Little Board,bd240943-36bf-459c-9c89-7d70301a50ac,3.0,500000.0,189000,,,,,,,,,,
2026-04-01 21:40:34 UTC,52,59ae90e9-5932-417d-be7a-99338960e9f0,Quinshon,Judkins,CLE,RB,2007f3d8-69f5-4c31-8585-9e1d7008a910,49aad976-89f8-4c71-860b-8e5c43ea9660,,12,,The Little Board,bd240943-36bf-459c-9c89-7d70301a50ac,3.0,500000.0,189000,,,,,,,,,,
2026-04-06 11:29:33 UTC,148,0080fd75-8cb4-47fb-bd0c-ebaddb217186,Kenyon,Sadiq,NYJ,TE,20bb6f0d-c1dc-485e-ac14-97b2405d9a8d,87e93b27-876a-47da-bc1b-e0fb35338429,,12,,The Little Board,bd240943-36bf-459c-9c89-7d70301a50ac,3.0,500000.0,189000,,,,,,,,,,
2026-04-10 22:44:13 UTC,168,f5f69e96-5d07-4d9c-afa8-5a919255bc23,Chig,Okonkwo,WAS,TE,20a4f77b-eb41-48dc-a956-2a0f5d140b7d,6a879f99-1d91-49cb-96ad-e0711288f88c,,12,,The Little Board,bd240943-36bf-459c-9c89-7d70301a50ac,3.0,500000.0,189000,,,,,,,,,,
2026-04-04 23:56:56 UTC,131,a66ec7fc-58bb-4cd1-9f45-bf10c950ff11,Travis,Kelce,KC,TE,2068bddd-60da-42a8-b905-a726bd31d95b,3dab5a42-48ee-471a-827e-b1f44ad4b42c,,12,,The Little Board,bd240943-36bf-459c-9c89-7d70301a50ac,3.0,500000.0,189000,,,,,,,,,,
2026-03-30 03:14:32 UTC,45,be1270d5-0970-47e5-ae48-9a3fc9266d02,Jaylen,Waddle,DEN,WR,20bb6f0d-c1dc-485e-ac14-97b2405d9a8d,87e93b27-876a-47da-bc1b-e0fb35338429,,12,,The Little Board,bd240943-36bf-459c-9c89-7d70301a50ac,3.0,500000.0,189000,,,,,,,,,,
2026-04-07 00:00:13 UTC,141,a66ec7fc-58bb-4cd1-9f45-bf10c950ff11,Travis,Kelce,KC,TE,20124d7d-2b66-4474-bef1-2ca31016095d,45ef4741-facf-455e-b8ea-2ab9bce03b65,,12,,The Little Board,bd240943-36bf-459c-9c89-7d70301a50ac,3.0,500000.0,189000,,,,,,,,,,
2026-03-30 03:13:31 UTC,71,a2c904b0-fa44-4ab3-9410-2a44676e63bd,DK,Metcalf,PIT,WR,21281346-d1bc-408c-a9e6-cda94ae81172,94614c4f-60f3-4b9a-b4e8-afa7619b9883,,12,,The Little Board,bd240943-36bf-459c-9c89-7d70301a50ac,3.0,500000.0,189000,,,,,,,,,,
2026-04-03 14:55:33 UTC,91,e2bd5fcd-3785-4515-b96f-f806ad46d4e5,Jordan,Addison,MIN,WR,1f984bfe-ae22-43ee-9973-336ebb5a41ec,9a8de796-13e1-4b99-b4e5-b91f6cea28b0,,12,,The Little Board,bd240943-36bf-459c-9c89-7d70301a50ac,3.0,500000.0,189000,,,,,,,,,,
2026-04-09 23:09:59 UTC,141,577d1148-51f9-499a-b885-856a9d29af76,Mike,Washington,LV,RB,2007f3d8-69f5-4c31-8585-9e1d7008a910,49aad976-89f8-4c71-860b-8e5c43ea9660,,12,,The Little Board,bd240943-36bf-459c-9c89-7d70301a50ac,3.0,500000.0,189000,,,,,,,,,,
2026-03-30 03:12:37 UTC,53,883d04b7-c2c5-46c6-84da-964aae8343a5,Davante,Adams,LAR,WR,20a0799d-1d1a-4c7d-be58-45a72f9da5d9,19200e87-e9bf-445c-aa50-ea28e9ee0543,,12,,The Little Board,bd240943-36bf-459c-9c89-7d70301a50ac,3.0,500000.0,189000,,,,,,,,,,
2026-04-02 21:23:41 UTC,107,29ab2065-18c7-4619-bfb9-608800ffedf4,Kyle,Pitts,ATL,TE,2051326d-6ce1-4f70-8d1c-db2b368d5d74,875562bc-4eaa-46ff-a4dd-2bcc468c957b,,12,,The Little Board,bd240943-36bf-459c-9c89-7d70301a50ac,3.0,500000.0,189000,,,,,,,,,,
2026-04-14 00:27:36 UTC,217,d84bc886-2afe-4653-ae09-9c51f182c3f1,Ryan,Flournoy,DAL,WR,20a4f77b-eb41-48dc-a956-2a0f5d140b7d,6a879f99-1d91-49cb-96ad-e0711288f88c,,12,,The Little Board,bd240943-36bf-459c-9c89-7d70301a50ac,3.0,500000.0,189000,,,,,,,,,,
2026-04-06 21:35:52 UTC,136,460568e9-21fb-4030-9a36-276f0dafb22f,Dallas,Goedert,PHI,TE,21217cf0-90ed-4b48-be8d-878adcc34176,732bbf6e-cfdc-4db3-b7ff-8d456fc099d1,,12,,The Little Board,bd240943-36bf-459c-9c89-7d70301a50ac,3.0,500000.0,189000,,,,,,,,,,
2026-03-27 12:21:45 UTC,26,812b5ae1-3e06-44b2-b67b-a82a49575f0d,Chris,Olave,NO,WR,213c3686-dad9-468e-89ee-53f83daa4074,3c162b72-8f43-48e2-8aa1-d1afa9d15f3e,,12,,The Little Board,bd240943-36bf-459c-9c89-7d70301a50ac,3.0,500000.0,189000,,,,,,,,,,
2026-04-10 23:42:53 UTC,227,dd50cff2-b976-4a57-9c97-959792acc677,Kyle,Williams,NE,WR,2068bddd-60da-42a8-b905-a726bd31d95b,3dab5a42-48ee-471a-827e-b1f44ad4b42c,,12,,The Little Board,bd240943-36bf-459c-9c89-7d70301a50ac,3.0,500000.0,189000,,,,,,,,,,
2026-04-03 14:37:04 UTC,110,f862802a-77a6-4ed7-b299-fd7dd82b5116,Jadarian,Price,SEA,RB,2068bddd-60da-42a8-b905-a726bd31d95b,3dab5a42-48ee-471a-827e-b1f44ad4b42c,,12,,The Little Board,bd240943-36bf-459c-9c89-7d70301a50ac,3.0,500000.0,189000,,,,,,,,,,
2026-04-12 18:00:07 UTC,230,7713af8a-2a78-48f4-82f8-388d0c51c47c,Colby,Parkinson,LAR,TE,2051326d-6ce1-4f70-8d1c-db2b368d5d74,875562bc-4eaa-46ff-a4dd-2bcc468c957b,,12,,The Little Board,bd240943-36bf-459c-9c89-7d70301a50ac,3.0,500000.0,189000,,,,,,,,,,
2026-04-05 20:48:33 UTC,177,bd84d3c5-e480-434d-a474-37b6aa37195e,AJ,Barner,SEA,TE,1fe84841-d9c8-481a-9eb6-aef932f8a5f6,39145fa1-01a7-429d-8f8e-56d7722522c2,,12,,The Little Board,bd240943-36bf-459c-9c89-7d70301a50ac,3.0,500000.0,189000,,,,,,,,,,
2026-03-27 00:20:19 UTC,11,ef8f7b19-9e41-456e-889c-04843428131c,De'Von,Achane,MIA,RB,2051326d-6ce1-4f70-8d1c-db2b368d5d74,875562bc-4eaa-46ff-a4dd-2bcc468c957b,,12,,The Little Board,bd240943-36bf-459c-9c89-7d70301a50ac,3.0,500000.0,189000,,,,,,,,,,
2026-04-04 21:30:08 UTC,167,e8d0dc47-cb5e-49b3-a294-d6bdb56dfb54,Geno,Smith,NYJ,QB,21281346-d1bc-408c-a9e6-cda94ae81172,94614c4f-60f3-4b9a-b4e8-afa7619b9883,,12,,The Little Board,bd240943-36bf-459c-9c89-7d70301a50ac,3.0,500000.0,189000,,,,,,,,,,
2026-04-14 20:12:53 UTC,188,176b92ff-5350-4e79-b289-665c0d7cba12,Brian,Robinson,ATL,RB,201605c6-0022-46c1-a278-588cc6e12a2b,ac1bcdd1-d024-43ec-8364-4c1818e530a4,,12,,The Little Board,bd240943-36bf-459c-9c89-7d70301a50ac,3.0,500000.0,189000,,,,,,,,,,
2026-04-01 18:52:02 UTC,62,4337f182-41cc-480b-ac28-64fcc0d07895,Brian,Thomas,JAX,WR,2105e2d7-b349-4857-b472-cc91172bfa2c,4a98220f-4599-4931-b5f7-4d3a77605815,,12,,The Little Board,bd240943-36bf-459c-9c89-7d70301a50ac,3.0,500000.0,189000,,,,,,,,,,
2026-04-03 12:50:16 UTC,146,d1acaad7-989a-4ef1-b2af-3d7c8fb104ea,Bryce,Young,CAR,QB,21281346-d1bc-408c-a9e6-cda94ae81172,94614c4f-60f3-4b9a-b4e8-afa7619b9883,,12,,The Little Board,bd240943-36bf-459c-9c89-7d70301a50ac,3.0,500000.0,189000,,,,,,,,,,
2026-04-06 01:49:58 UTC,92,887722ae-dbfb-4fd4-90b1-e62066f3c81f,Jakobi,Meyers,JAX,WR,201605c6-0022-46c1-a278-588cc6e12a2b,ac1bcdd1-d024-43ec-8364-4c1818e530a4,,12,,The Little Board,bd240943-36bf-459c-9c89-7d70301a50ac,3.0,500000.0,189000,,,,,,,,,,
2026-04-07 11:20:39 UTC,165,2382c558-7024-47ab-8330-d96bfc46eacf,Jalen,Nailor,LV,WR,20bb6f0d-c1dc-485e-ac14-97b2405d9a8d,87e93b27-876a-47da-bc1b-e0fb35338429,,12,,The Little Board,bd240943-36bf-459c-9c89-7d70301a50ac,3.0,500000.0,189000,,,,,,,,,,
2026-03-29 08:19:09 UTC,40,4341a6d5-b166-4357-aa45-51540a3d9a93,Javonte,Williams,DAL,RB,21217cf0-90ed-4b48-be8d-878adcc34176,732bbf6e-cfdc-4db3-b7ff-8d456fc099d1,,12,,The Little Board,bd240943-36bf-459c-9c89-7d70301a50ac,3.0,500000.0,189000,,,,,,,,,,
2026-03-28 20:17:39 UTC,20,b7c774ea-6453-4fed-8770-0d8f95cff419,Derrick,Henry,BAL,RB,201605c6-0022-46c1-a278-588cc6e12a2b,ac1bcdd1-d024-43ec-8364-4c1818e530a4,,12,,The Little Board,bd240943-36bf-459c-9c89-7d70301a50ac,3.0,500000.0,189000,,,,,,,,,,
2026-03-31 05:12:47 UTC,74,6e6ce49b-45e4-4f05-84ef-7ae66c1668e8,Parker,Washington,JAX,WR,206002f7-974f-413c-8ee2-9d558e7ce3d8,18e62d2c-0e2d-4e9d-9153-623b6ec5b9f5,,12,,The Little Board,bd240943-36bf-459c-9c89-7d70301a50ac,3.0,500000.0,189000,,,,,,,,,,
2026-04-11 13:55:48 UTC,203,03d512e1-4b72-4de1-8285-4350f37c9f63,Tua,Tagovailoa,ATL,QB,2051326d-6ce1-4f70-8d1c-db2b368d5d74,875562bc-4eaa-46ff-a4dd-2bcc468c957b,,12,,The Little Board,bd240943-36bf-459c-9c89-7d70301a50ac,3.0,500000.0,189000,,,,,,,,,,
2026-03-25 22:35:35 UTC,10,3d2608fd-ae3b-4d6d-9e8d-254e3c8604b1,Christian,McCaffrey,SF,RB,a1486180-36ba-48c5-a2ef-c5d4c6a5a02a,13fa3e04-a7dc-413c-9839-eff7b137bd7b,,12,,The Little Board,bd240943-36bf-459c-9c89-7d70301a50ac,3.0,500000.0,189000,,,,,,,,,,
2026-04-06 17:18:35 UTC,101,40eba077-feae-4371-838b-13b5a8764603,Brock,Purdy,SF,QB,201605c6-0022-46c1-a278-588cc6e12a2b,ac1bcdd1-d024-43ec-8364-4c1818e530a4,,12,,The Little Board,bd240943-36bf-459c-9c89-7d70301a50ac,3.0,500000.0,189000,,,,,,,,,,
2026-04-07 18:11:49 UTC,162,4e8b6a26-f015-4ac3-9614-43d47a520e45,Emanuel,Wilson,SEA,RB,20cef8c6-5ad9-489e-a61d-d261dbccac8f,65a804c2-7338-4de7-93a4-e3abf70838a7,,12,,The Little Board,bd240943-36bf-459c-9c89-7d70301a50ac,3.0,500000.0,189000,,,,,,,,,,
2026-03-27 15:35:31 UTC,26,a79dba5d-c547-4640-a5c8-4aef963b18e4,Travis,Etienne Jr.,NO,RB,21281346-d1bc-408c-a9e6-cda94ae81172,94614c4f-60f3-4b9a-b4e8-afa7619b9883,,12,,The Little Board,bd240943-36bf-459c-9c89-7d70301a50ac,3.0,500000.0,189000,,,,,,,,,,
2026-03-28 16:40:35 UTC,25,48f8d8a8-d81d-4def-84e0-7090805333fe,Josh,Allen,BUF,QB,20a4f77b-eb41-48dc-a956-2a0f5d140b7d,6a879f99-1d91-49cb-96ad-e0711288f88c,,12,,The Little Board,bd240943-36bf-459c-9c89-7d70301a50ac,3.0,500000.0,189000,,,,,,,,,,
2026-04-04 22:12:17 UTC,153,409e3446-57c7-41eb-bc63-9922930f6408,Travis,Hunter,JAX,WR,1fe84841-d9c8-481a-9eb6-aef932f8a5f6,39145fa1-01a7-429d-8f8e-56d7722522c2,,12,,The Little Board,bd240943-36bf-459c-9c89-7d70301a50ac,3.0,500000.0,189000,,,,,,,,,,
2026-04-10 20:46:19 UTC,212,ee7eb028-bf93-4c90-82ce-caa15cb46285,Aaron,Rodgers,PIT,QB,20a0799d-1d1a-4c7d-be58-45a72f9da5d9,19200e87-e9bf-445c-aa50-ea28e9ee0543,,12,,The Little Board,bd240943-36bf-459c-9c89-7d70301a50ac,3.0,500000.0,189000,,,,,,,,,,
2026-04-06 17:18:52 UTC,167,dd6719eb-1465-4a8c-82ad-4ed1b19468c8,Jacoby,Brissett,ARI,QB,206002f7-974f-413c-8ee2-9d558e7ce3d8,18e62d2c-0e2d-4e9d-9153-623b6ec5b9f5,,12,,The Little Board,bd240943-36bf-459c-9c89-7d70301a50ac,3.0,500000.0,189000,,,,,,,,,,
2026-04-14 17:30:50 UTC,237,ff7a149c-2611-4610-851f-d4ff1b2a0db8,Justin,Fields,KC,QB,20734e48-286f-4f6a-a660-ace0502aa6d6,2abcfd15-865e-49a3-8bd4-37da10549ba7,,12,,The Little Board,bd240943-36bf-459c-9c89-7d70301a50ac,3.0,500000.0,189000,,,,,,,,,,
2026-03-27 19:24:03 UTC,21,7fc0aee4-38db-42f5-919d-52da687dedf4,Chase,Brown,CIN,RB,20124d7d-2b66-4474-bef1-2ca31016095d,45ef4741-facf-455e-b8ea-2ab9bce03b65,,12,,The Little Board,bd240943-36bf-459c-9c89-7d70301a50ac,3.0,500000.0,189000,,,,,,,,,,
2026-03-31 05:13:20 UTC,69,6e6ce49b-45e4-4f05-84ef-7ae66c1668e8,Parker,Washington,JAX,WR,20bb6f0d-c1dc-485e-ac14-97b2405d9a8d,87e93b27-876a-47da-bc1b-e0fb35338429,,12,,The Little Board,bd240943-36bf-459c-9c89-7d70301a50ac,3.0,500000.0,189000,,,,,,,,,,
2026-04-05 11:16:53 UTC,141,0e759258-47eb-4ded-af7f-6ffce9ab2ad8,Cam,Ward,TEN,QB,20bb6f0d-c1dc-485e-ac14-97b2405d9a8d,87e93b27-876a-47da-bc1b-e0fb35338429,,12,,The Little Board,bd240943-36bf-459c-9c89-7d70301a50ac,3.0,500000.0,189000,,,,,,,,,,
2026-03-27 00:18:45 UTC,9,a4cde3b6-aafd-4dc5-a553-dd18731672c6,CeeDee,Lamb,DAL,WR,1fe84841-d9c8-481a-9eb6-aef932f8a5f6,39145fa1-01a7-429d-8f8e-56d7722522c2,,12,,The Little Board,bd240943-36bf-459c-9c89-7d70301a50ac,3.0,500000.0,189000,,,,,,,,,,
2026-04-16 22:24:03 UTC,192,b7f05306-1074-4b84-8a6c-124f655b9ff3,Dontayvion,Wicks,PHI,WR,20dad77f-7fe5-44d2-9b12-970998fae218,e0d63c39-93ca-436b-8cca-5eff7bbff4f2,,12,,The Little Board,bd240943-36bf-459c-9c89-7d70301a50ac,3.0,500000.0,189000,,,,,,,,,,
2026-04-18 08:14:30 UTC,240,92a00945-c13a-4fcd-bced-a5873f5f4b23,Justice,Hill,BAL,RB,20dad77f-7fe5-44d2-9b12-970998fae218,e0d63c39-93ca-436b-8cca-5eff7bbff4f2,,12,,The Little Board,bd240943-36bf-459c-9c89-7d70301a50ac,3.0,500000.0,189000,,,,,,,,,,
2026-03-30 12:09:25 UTC,52,3550b734-6e05-437a-94a4-0c4fa7a211cc,Mike,Evans,SF,WR,20bb6f0d-c1dc-485e-ac14-97b2405d9a8d,87e93b27-876a-47da-bc1b-e0fb35338429,,12,,The Little Board,bd240943-36bf-459c-9c89-7d70301a50ac,3.0,500000.0,189000,,,,,,,,,,
2026-04-12 18:00:28 UTC,225,82392c97-a8fd-4cdb-9e8a-f47a9b1fde8d,Devaughn,Vele,NO,WR,21217cf0-90ed-4b48-be8d-878adcc34176,732bbf6e-cfdc-4db3-b7ff-8d456fc099d1,,12,,The Little Board,bd240943-36bf-459c-9c89-7d70301a50ac,3.0,500000.0,189000,,,,,,,,,,
2026-04-09 14:42:18 UTC,187,ac1e7c91-0f2e-4a04-9f41-df3e3e7a25bd,Eli,Stowers,PHI,TE,1f984bfe-ae22-43ee-9973-336ebb5a41ec,9a8de796-13e1-4b99-b4e5-b91f6cea28b0,,12,,The Little Board,bd240943-36bf-459c-9c89-7d70301a50ac,3.0,500000.0,189000,,,,,,,,,,
2026-03-27 19:23:28 UTC,28,7fc0aee4-38db-42f5-919d-52da687dedf4,Chase,Brown,CIN,RB,20734e48-286f-4f6a-a660-ace0502aa6d6,2abcfd15-865e-49a3-8bd4-37da10549ba7,,12,,The Little Board,bd240943-36bf-459c-9c89-7d70301a50ac,3.0,500000.0,189000,,,,,,,,,,
2026-03-28 15:00:38 UTC,10,b4ef5d2e-dc01-4891-94bb-1014c7ad3ef5,Amon-Ra,St. Brown,DET,WR,3d27f8d1-2bae-4cf4-85a8-defb799bf89d,10c75d97-23ec-4b13-bd9e-6071f454a291,,12,,The Big Board,20b6d363-f4e6-472a-be06-871d6b3e5a14,10.0,2000000.0,223200,,,,,,,,,,
2026-04-05 00:17:31 UTC,160,cd2ef29a-f0ec-4c35-8ff9-7008459c9ea2,Stefon,Diggs,WAS,WR,1fe84841-d9c8-481a-9eb6-aef932f8a5f6,39145fa1-01a7-429d-8f8e-56d7722522c2,,12,,The Little Board,bd240943-36bf-459c-9c89-7d70301a50ac,3.0,500000.0,189000,,,,,,,,,,
2026-04-15 01:38:35 UTC,213,67dc2068-98de-4e18-b93b-677dbebdf1d9,Kimani,Vidal,LAC,RB,2007f3d8-69f5-4c31-8585-9e1d7008a910,49aad976-89f8-4c71-860b-8e5c43ea9660,,12,,The Little Board,bd240943-36bf-459c-9c89-7d70301a50ac,3.0,500000.0,189000,,,,,,,,,,
2026-03-31 21:47:22 UTC,48,c654b2ae-89e9-49f9-b3ed-0e84755449bc,Jameson,Williams,DET,WR,20dad77f-7fe5-44d2-9b12-970998fae218,e0d63c39-93ca-436b-8cca-5eff7bbff4f2,,12,,The Little Board,bd240943-36bf-459c-9c89-7d70301a50ac,3.0,500000.0,189000,,,,,,,,,,
2026-04-04 00:53:19 UTC,83,da5d7bd7-231b-4dad-853e-e4b9397c2fb6,Rhamondre,Stevenson,NE,RB,2105e2d7-b349-4857-b472-cc91172bfa2c,4a98220f-4599-4931-b5f7-4d3a77605815,,12,,The Little Board,bd240943-36bf-459c-9c89-7d70301a50ac,3.0,500000.0,189000,,,,,,,,,,
2026-04-02 17:10:45 UTC,100,29ab2065-18c7-4619-bfb9-608800ffedf4,Kyle,Pitts,ATL,TE,20734e48-286f-4f6a-a660-ace0502aa6d6,2abcfd15-865e-49a3-8bd4-37da10549ba7,,12,,The Little Board,bd240943-36bf-459c-9c89-7d70301a50ac,3.0,500000.0,189000,,,,,,,,,,
2026-04-02 21:25:48 UTC,110,4438b894-698d-4155-be34-ec8081f3c14b,Jared,Goff,DET,QB,2051326d-6ce1-4f70-8d1c-db2b368d5d74,875562bc-4eaa-46ff-a4dd-2bcc468c957b,,12,,The Little Board,bd240943-36bf-459c-9c89-7d70301a50ac,3.0,500000.0,189000,,,,,,,,,,